node	source	licence	licence_receipt	texts
cherokee	Internet Archive: Ayer_PM784_C425_1888	public domain	https://archive.org/details/Ayer_PM784_C425_1888	3
cherokee	Internet Archive: CHRCNT_DBS_HS	public domain	https://archive.org/details/CHRCNT_DBS_HS	25
cherokee	Internet Archive: CHRROT_DBS_HS	public domain	https://archive.org/details/CHRROT_DBS_HS	47
cherokee	Internet Archive: CherokeeJonah	public domain	https://archive.org/details/CherokeeJonah	1
cherokee	Internet Archive: cherokeehymns00marb	public domain	https://archive.org/details/cherokeehymns00marb	26
cherokee	Internet Archive: constitutionlaws0000vari	public domain	https://archive.org/details/constitutionlaws0000vari	25
cherokee	Internet Archive: shortercatechis00cham	public domain	https://archive.org/details/shortercatechis00cham	23
abbasid-arabic	ar.wikisource.org: أحسن التقاسيم في معرفة الأقاليم	CC-BY-SA-4.0	https://ar.wikisource.org/w/api.php?action=query&meta=siteinfo&siprop=rightsinfo&format=json	2
abbasid-arabic	ar.wikisource.org: أسرار ترتيب القرآن	CC-BY-SA-4.0	https://ar.wikisource.org/w/api.php?action=query&meta=siteinfo&siprop=rightsinfo&format=json	1
abbasid-arabic	ar.wikisource.org: إحياء علوم الدين	CC-BY-SA-4.0	https://ar.wikisource.org/w/api.php?action=query&meta=siteinfo&siprop=rightsinfo&format=json	2
abbasid-arabic	ar.wikisource.org: إعراب القرآن للسيوطي	CC-BY-SA-4.0	https://ar.wikisource.org/w/api.php?action=query&meta=siteinfo&siprop=rightsinfo&format=json	2
abbasid-arabic	ar.wikisource.org: إغاثة اللهفان	CC-BY-SA-4.0	https://ar.wikisource.org/w/api.php?action=query&meta=siteinfo&siprop=rightsinfo&format=json	1
abbasid-arabic	ar.wikisource.org: إقامة الدليل على إبطال التحليل	CC-BY-SA-4.0	https://ar.wikisource.org/w/api.php?action=query&meta=siteinfo&siprop=rightsinfo&format=json	1
abbasid-arabic	ar.wikisource.org: ابن حزم - الإحكام في أصول الأحكام	CC-BY-SA-4.0	https://ar.wikisource.org/w/api.php?action=query&meta=siteinfo&siprop=rightsinfo&format=json	1
abbasid-arabic	ar.wikisource.org: اقتضاء الصراط المستقيم	CC-BY-SA-4.0	https://ar.wikisource.org/w/api.php?action=query&meta=siteinfo&siprop=rightsinfo&format=json	1
abbasid-arabic	ar.wikisource.org: الأخلاق والسير في مداواة النفوس	CC-BY-SA-4.0	https://ar.wikisource.org/w/api.php?action=query&meta=siteinfo&siprop=rightsinfo&format=json	2
abbasid-arabic	ar.wikisource.org: الإعلام بما في دين النصارى	CC-BY-SA-4.0	https://ar.wikisource.org/w/api.php?action=query&meta=siteinfo&siprop=rightsinfo&format=json	1
abbasid-arabic	ar.wikisource.org: الاختيارات الفقهية لشيخ الإسلام ابن تيمية	CC-BY-SA-4.0	https://ar.wikisource.org/w/api.php?action=query&meta=siteinfo&siprop=rightsinfo&format=json	1
abbasid-arabic	ar.wikisource.org: الاستقامة	CC-BY-SA-4.0	https://ar.wikisource.org/w/api.php?action=query&meta=siteinfo&siprop=rightsinfo&format=json	1
abbasid-arabic	ar.wikisource.org: البداية والنهاية	CC-BY-SA-4.0	https://ar.wikisource.org/w/api.php?action=query&meta=siteinfo&siprop=rightsinfo&format=json	1
abbasid-arabic	ar.wikisource.org: التاج في أخلاق الملوك	CC-BY-SA-4.0	https://ar.wikisource.org/w/api.php?action=query&meta=siteinfo&siprop=rightsinfo&format=json	2
abbasid-arabic	ar.wikisource.org: التاريخ الكبير	CC-BY-SA-4.0	https://ar.wikisource.org/w/api.php?action=query&meta=siteinfo&siprop=rightsinfo&format=json	2
abbasid-arabic	ar.wikisource.org: الجامع لأحكام القرآن	CC-BY-SA-4.0	https://ar.wikisource.org/w/api.php?action=query&meta=siteinfo&siprop=rightsinfo&format=json	1
abbasid-arabic	ar.wikisource.org: الجمل في النحو	CC-BY-SA-4.0	https://ar.wikisource.org/w/api.php?action=query&meta=siteinfo&siprop=rightsinfo&format=json	1
abbasid-arabic	ar.wikisource.org: الخصائص	CC-BY-SA-4.0	https://ar.wikisource.org/w/api.php?action=query&meta=siteinfo&siprop=rightsinfo&format=json	2
abbasid-arabic	ar.wikisource.org: الدر المنثور	CC-BY-SA-4.0	https://ar.wikisource.org/w/api.php?action=query&meta=siteinfo&siprop=rightsinfo&format=json	2
abbasid-arabic	ar.wikisource.org: الرد على المنطقيين	CC-BY-SA-4.0	https://ar.wikisource.org/w/api.php?action=query&meta=siteinfo&siprop=rightsinfo&format=json	1
abbasid-arabic	ar.wikisource.org: الروح	CC-BY-SA-4.0	https://ar.wikisource.org/w/api.php?action=query&meta=siteinfo&siprop=rightsinfo&format=json	2
abbasid-arabic	ar.wikisource.org: الصفدية	CC-BY-SA-4.0	https://ar.wikisource.org/w/api.php?action=query&meta=siteinfo&siprop=rightsinfo&format=json	2
abbasid-arabic	ar.wikisource.org: الصواعق المرسلة	CC-BY-SA-4.0	https://ar.wikisource.org/w/api.php?action=query&meta=siteinfo&siprop=rightsinfo&format=json	1
abbasid-arabic	ar.wikisource.org: العقد الفريد	CC-BY-SA-4.0	https://ar.wikisource.org/w/api.php?action=query&meta=siteinfo&siprop=rightsinfo&format=json	1
abbasid-arabic	ar.wikisource.org: الفتاوى الكبرى	CC-BY-SA-4.0	https://ar.wikisource.org/w/api.php?action=query&meta=siteinfo&siprop=rightsinfo&format=json	1
abbasid-arabic	ar.wikisource.org: الفقيه والمتفقه	CC-BY-SA-4.0	https://ar.wikisource.org/w/api.php?action=query&meta=siteinfo&siprop=rightsinfo&format=json	1
abbasid-arabic	ar.wikisource.org: الفهرست	CC-BY-SA-4.0	https://ar.wikisource.org/w/api.php?action=query&meta=siteinfo&siprop=rightsinfo&format=json	1
abbasid-arabic	ar.wikisource.org: الكافي	CC-BY-SA-4.0	https://ar.wikisource.org/w/api.php?action=query&meta=siteinfo&siprop=rightsinfo&format=json	1
abbasid-arabic	ar.wikisource.org: الكتاب (سيبويه)	CC-BY-SA-4.0	https://ar.wikisource.org/w/api.php?action=query&meta=siteinfo&siprop=rightsinfo&format=json	2
abbasid-arabic	ar.wikisource.org: المزهر	CC-BY-SA-4.0	https://ar.wikisource.org/w/api.php?action=query&meta=siteinfo&siprop=rightsinfo&format=json	2
abbasid-arabic	ar.wikisource.org: المصباح المنير	CC-BY-SA-4.0	https://ar.wikisource.org/w/api.php?action=query&meta=siteinfo&siprop=rightsinfo&format=json	2
abbasid-arabic	ar.wikisource.org: النبوات	CC-BY-SA-4.0	https://ar.wikisource.org/w/api.php?action=query&meta=siteinfo&siprop=rightsinfo&format=json	2
abbasid-arabic	ar.wikisource.org: تحفة النظار في غرائب الأمصار وعجائب الأسفار	CC-BY-SA-4.0	https://ar.wikisource.org/w/api.php?action=query&meta=siteinfo&siprop=rightsinfo&format=json	1
abbasid-arabic	ar.wikisource.org: تذكرة الحفاظ	CC-BY-SA-4.0	https://ar.wikisource.org/w/api.php?action=query&meta=siteinfo&siprop=rightsinfo&format=json	1
abbasid-arabic	ar.wikisource.org: تفسير ابن كثير	CC-BY-SA-4.0	https://ar.wikisource.org/w/api.php?action=query&meta=siteinfo&siprop=rightsinfo&format=json	1
abbasid-arabic	ar.wikisource.org: تفسير البحر المحيط أبي حيان الغرناطي	CC-BY-SA-4.0	https://ar.wikisource.org/w/api.php?action=query&meta=siteinfo&siprop=rightsinfo&format=json	2
abbasid-arabic	ar.wikisource.org: تقريب التهذيب	CC-BY-SA-4.0	https://ar.wikisource.org/w/api.php?action=query&meta=siteinfo&siprop=rightsinfo&format=json	2
abbasid-arabic	ar.wikisource.org: تلبيس إبليس	CC-BY-SA-4.0	https://ar.wikisource.org/w/api.php?action=query&meta=siteinfo&siprop=rightsinfo&format=json	1
abbasid-arabic	ar.wikisource.org: تهذيب التهذيب	CC-BY-SA-4.0	https://ar.wikisource.org/w/api.php?action=query&meta=siteinfo&siprop=rightsinfo&format=json	2
abbasid-arabic	ar.wikisource.org: جامع الرسائل	CC-BY-SA-4.0	https://ar.wikisource.org/w/api.php?action=query&meta=siteinfo&siprop=rightsinfo&format=json	2
abbasid-arabic	ar.wikisource.org: جامع العلوم والحكم	CC-BY-SA-4.0	https://ar.wikisource.org/w/api.php?action=query&meta=siteinfo&siprop=rightsinfo&format=json	2
abbasid-arabic	ar.wikisource.org: خلاصة الحساب	CC-BY-SA-4.0	https://ar.wikisource.org/w/api.php?action=query&meta=siteinfo&siprop=rightsinfo&format=json	1
abbasid-arabic	ar.wikisource.org: درء تعارض العقل والنقل	CC-BY-SA-4.0	https://ar.wikisource.org/w/api.php?action=query&meta=siteinfo&siprop=rightsinfo&format=json	2
abbasid-arabic	ar.wikisource.org: رحلة ابن جبير	CC-BY-SA-4.0	https://ar.wikisource.org/w/api.php?action=query&meta=siteinfo&siprop=rightsinfo&format=json	1
abbasid-arabic	ar.wikisource.org: رسالة السجزي إلى أهل زبيد	CC-BY-SA-4.0	https://ar.wikisource.org/w/api.php?action=query&meta=siteinfo&siprop=rightsinfo&format=json	2
abbasid-arabic	ar.wikisource.org: رقائق الحقائق في حساب الدرج والدقائق	CC-BY-SA-4.0	https://ar.wikisource.org/w/api.php?action=query&meta=siteinfo&siprop=rightsinfo&format=json	2
abbasid-arabic	ar.wikisource.org: رياض الصالحين	CC-BY-SA-4.0	https://ar.wikisource.org/w/api.php?action=query&meta=siteinfo&siprop=rightsinfo&format=json	1
abbasid-arabic	ar.wikisource.org: سنن أبي داود	CC-BY-SA-4.0	https://ar.wikisource.org/w/api.php?action=query&meta=siteinfo&siprop=rightsinfo&format=json	1
abbasid-arabic	ar.wikisource.org: سنن ابن ماجة	CC-BY-SA-4.0	https://ar.wikisource.org/w/api.php?action=query&meta=siteinfo&siprop=rightsinfo&format=json	2
abbasid-arabic	ar.wikisource.org: سنن الترمذي	CC-BY-SA-4.0	https://ar.wikisource.org/w/api.php?action=query&meta=siteinfo&siprop=rightsinfo&format=json	2
abbasid-arabic	ar.wikisource.org: سنن الدارقطني	CC-BY-SA-4.0	https://ar.wikisource.org/w/api.php?action=query&meta=siteinfo&siprop=rightsinfo&format=json	1
abbasid-arabic	ar.wikisource.org: سنن الدارمي	CC-BY-SA-4.0	https://ar.wikisource.org/w/api.php?action=query&meta=siteinfo&siprop=rightsinfo&format=json	1
abbasid-arabic	ar.wikisource.org: سنن النسائي	CC-BY-SA-4.0	https://ar.wikisource.org/w/api.php?action=query&meta=siteinfo&siprop=rightsinfo&format=json	2
abbasid-arabic	ar.wikisource.org: سير أعلام النبلاء	CC-BY-SA-4.0	https://ar.wikisource.org/w/api.php?action=query&meta=siteinfo&siprop=rightsinfo&format=json	2
abbasid-arabic	ar.wikisource.org: شرح العقيدة الطحاوية	CC-BY-SA-4.0	https://ar.wikisource.org/w/api.php?action=query&meta=siteinfo&siprop=rightsinfo&format=json	1
abbasid-arabic	ar.wikisource.org: شرح تشريح القانون لابن سينا	CC-BY-SA-4.0	https://ar.wikisource.org/w/api.php?action=query&meta=siteinfo&siprop=rightsinfo&format=json	2
abbasid-arabic	ar.wikisource.org: شفاء العليل	CC-BY-SA-4.0	https://ar.wikisource.org/w/api.php?action=query&meta=siteinfo&siprop=rightsinfo&format=json	2
abbasid-arabic	ar.wikisource.org: صحيح البخاري	CC-BY-SA-4.0	https://ar.wikisource.org/w/api.php?action=query&meta=siteinfo&siprop=rightsinfo&format=json	1
abbasid-arabic	ar.wikisource.org: صحيح مسلم	CC-BY-SA-4.0	https://ar.wikisource.org/w/api.php?action=query&meta=siteinfo&siprop=rightsinfo&format=json	1
abbasid-arabic	ar.wikisource.org: صور الكواكب الثمانية والأربعين	CC-BY-SA-4.0	https://ar.wikisource.org/w/api.php?action=query&meta=siteinfo&siprop=rightsinfo&format=json	1
abbasid-arabic	ar.wikisource.org: صيانة صحيح مسلم	CC-BY-SA-4.0	https://ar.wikisource.org/w/api.php?action=query&meta=siteinfo&siprop=rightsinfo&format=json	1
abbasid-arabic	ar.wikisource.org: صيد الخاطر	CC-BY-SA-4.0	https://ar.wikisource.org/w/api.php?action=query&meta=siteinfo&siprop=rightsinfo&format=json	1
abbasid-arabic	ar.wikisource.org: طوق الحمامة	CC-BY-SA-4.0	https://ar.wikisource.org/w/api.php?action=query&meta=siteinfo&siprop=rightsinfo&format=json	2
abbasid-arabic	ar.wikisource.org: عجائب المخلوقات وغرائب الموجودات	CC-BY-SA-4.0	https://ar.wikisource.org/w/api.php?action=query&meta=siteinfo&siprop=rightsinfo&format=json	2
abbasid-arabic	ar.wikisource.org: علم الملاحة في علم الفلاحة	CC-BY-SA-4.0	https://ar.wikisource.org/w/api.php?action=query&meta=siteinfo&siprop=rightsinfo&format=json	2
abbasid-arabic	ar.wikisource.org: عيون الأنباء في طبقات الأطباء	CC-BY-SA-4.0	https://ar.wikisource.org/w/api.php?action=query&meta=siteinfo&siprop=rightsinfo&format=json	1
abbasid-arabic	ar.wikisource.org: فقه اللغة وسر العربية	CC-BY-SA-4.0	https://ar.wikisource.org/w/api.php?action=query&meta=siteinfo&siprop=rightsinfo&format=json	1
abbasid-arabic	ar.wikisource.org: قاعدة جليلة في التوسل والوسيلة	CC-BY-SA-4.0	https://ar.wikisource.org/w/api.php?action=query&meta=siteinfo&siprop=rightsinfo&format=json	2
abbasid-arabic	ar.wikisource.org: كتاب الأحكام الشرعية الكبرى	CC-BY-SA-4.0	https://ar.wikisource.org/w/api.php?action=query&meta=siteinfo&siprop=rightsinfo&format=json	2
abbasid-arabic	ar.wikisource.org: كتاب الأم	CC-BY-SA-4.0	https://ar.wikisource.org/w/api.php?action=query&meta=siteinfo&siprop=rightsinfo&format=json	2
abbasid-arabic	ar.wikisource.org: كتاب الاعتصام	CC-BY-SA-4.0	https://ar.wikisource.org/w/api.php?action=query&meta=siteinfo&siprop=rightsinfo&format=json	1
abbasid-arabic	ar.wikisource.org: كتاب الرسالة	CC-BY-SA-4.0	https://ar.wikisource.org/w/api.php?action=query&meta=siteinfo&siprop=rightsinfo&format=json	1
abbasid-arabic	ar.wikisource.org: كتاب الزهد لابن المبارك	CC-BY-SA-4.0	https://ar.wikisource.org/w/api.php?action=query&meta=siteinfo&siprop=rightsinfo&format=json	1
abbasid-arabic	ar.wikisource.org: كتاب الزهرة	CC-BY-SA-4.0	https://ar.wikisource.org/w/api.php?action=query&meta=siteinfo&siprop=rightsinfo&format=json	1
abbasid-arabic	ar.wikisource.org: كتاب المواقف	CC-BY-SA-4.0	https://ar.wikisource.org/w/api.php?action=query&meta=siteinfo&siprop=rightsinfo&format=json	1
abbasid-arabic	ar.wikisource.org: كليلة ودمنة	CC-BY-SA-4.0	https://ar.wikisource.org/w/api.php?action=query&meta=siteinfo&siprop=rightsinfo&format=json	2
abbasid-arabic	ar.wikisource.org: لسان العرب	CC-BY-SA-4.0	https://ar.wikisource.org/w/api.php?action=query&meta=siteinfo&siprop=rightsinfo&format=json	1
abbasid-arabic	ar.wikisource.org: مجمع الزوائد	CC-BY-SA-4.0	https://ar.wikisource.org/w/api.php?action=query&meta=siteinfo&siprop=rightsinfo&format=json	2
abbasid-arabic	ar.wikisource.org: مجموع الفتاوى	CC-BY-SA-4.0	https://ar.wikisource.org/w/api.php?action=query&meta=siteinfo&siprop=rightsinfo&format=json	2
abbasid-arabic	ar.wikisource.org: مجموعة الرسائل والمسائل	CC-BY-SA-4.0	https://ar.wikisource.org/w/api.php?action=query&meta=siteinfo&siprop=rightsinfo&format=json	1
abbasid-arabic	ar.wikisource.org: محلى ابن حزم - المجلد الأول	CC-BY-SA-4.0	https://ar.wikisource.org/w/api.php?action=query&meta=siteinfo&siprop=rightsinfo&format=json	2
abbasid-arabic	ar.wikisource.org: محلى ابن حزم - المجلد الثالث	CC-BY-SA-4.0	https://ar.wikisource.org/w/api.php?action=query&meta=siteinfo&siprop=rightsinfo&format=json	1
abbasid-arabic	ar.wikisource.org: محلى ابن حزم - المجلد الثاني	CC-BY-SA-4.0	https://ar.wikisource.org/w/api.php?action=query&meta=siteinfo&siprop=rightsinfo&format=json	1
abbasid-arabic	ar.wikisource.org: محلى ابن حزم - المجلد الخامس	CC-BY-SA-4.0	https://ar.wikisource.org/w/api.php?action=query&meta=siteinfo&siprop=rightsinfo&format=json	2
abbasid-arabic	ar.wikisource.org: محلى ابن حزم - المجلد الرابع	CC-BY-SA-4.0	https://ar.wikisource.org/w/api.php?action=query&meta=siteinfo&siprop=rightsinfo&format=json	2
abbasid-arabic	ar.wikisource.org: محلى ابن حزم - المجلد السادس	CC-BY-SA-4.0	https://ar.wikisource.org/w/api.php?action=query&meta=siteinfo&siprop=rightsinfo&format=json	1
abbasid-arabic	ar.wikisource.org: مختار الصحاح	CC-BY-SA-4.0	https://ar.wikisource.org/w/api.php?action=query&meta=siteinfo&siprop=rightsinfo&format=json	2
abbasid-arabic	ar.wikisource.org: مختصر صحيح مسلم	CC-BY-SA-4.0	https://ar.wikisource.org/w/api.php?action=query&meta=siteinfo&siprop=rightsinfo&format=json	1
abbasid-arabic	ar.wikisource.org: مراتب الإجماع	CC-BY-SA-4.0	https://ar.wikisource.org/w/api.php?action=query&meta=siteinfo&siprop=rightsinfo&format=json	2
abbasid-arabic	ar.wikisource.org: مسند أحمد بن حنبل	CC-BY-SA-4.0	https://ar.wikisource.org/w/api.php?action=query&meta=siteinfo&siprop=rightsinfo&format=json	2
abbasid-arabic	ar.wikisource.org: مصنف الصنعاني	CC-BY-SA-4.0	https://ar.wikisource.org/w/api.php?action=query&meta=siteinfo&siprop=rightsinfo&format=json	1
abbasid-arabic	ar.wikisource.org: معالم السنن	CC-BY-SA-4.0	https://ar.wikisource.org/w/api.php?action=query&meta=siteinfo&siprop=rightsinfo&format=json	2
abbasid-arabic	ar.wikisource.org: مفاتيح العلوم	CC-BY-SA-4.0	https://ar.wikisource.org/w/api.php?action=query&meta=siteinfo&siprop=rightsinfo&format=json	2
abbasid-arabic	ar.wikisource.org: مفتاح الحساب	CC-BY-SA-4.0	https://ar.wikisource.org/w/api.php?action=query&meta=siteinfo&siprop=rightsinfo&format=json	1
abbasid-arabic	ar.wikisource.org: مقامات الحريري	CC-BY-SA-4.0	https://ar.wikisource.org/w/api.php?action=query&meta=siteinfo&siprop=rightsinfo&format=json	1
abbasid-arabic	ar.wikisource.org: مقامات بديع الزمان الهمذاني	CC-BY-SA-4.0	https://ar.wikisource.org/w/api.php?action=query&meta=siteinfo&siprop=rightsinfo&format=json	2
abbasid-arabic	ar.wikisource.org: مقدمة ابن الصلاح	CC-BY-SA-4.0	https://ar.wikisource.org/w/api.php?action=query&meta=siteinfo&siprop=rightsinfo&format=json	2
abbasid-arabic	ar.wikisource.org: مقدمة ابن خلدون	CC-BY-SA-4.0	https://ar.wikisource.org/w/api.php?action=query&meta=siteinfo&siprop=rightsinfo&format=json	1
abbasid-arabic	ar.wikisource.org: مقدمة فتح الباري	CC-BY-SA-4.0	https://ar.wikisource.org/w/api.php?action=query&meta=siteinfo&siprop=rightsinfo&format=json	1
abbasid-arabic	ar.wikisource.org: منهاج السنة النبوية	CC-BY-SA-4.0	https://ar.wikisource.org/w/api.php?action=query&meta=siteinfo&siprop=rightsinfo&format=json	1
abbasid-arabic	ar.wikisource.org: موطأ الإمام مالك	CC-BY-SA-4.0	https://ar.wikisource.org/w/api.php?action=query&meta=siteinfo&siprop=rightsinfo&format=json	1
abbasid-arabic	ar.wikisource.org: نزهة المشتاق في اختراق الآفاق	CC-BY-SA-4.0	https://ar.wikisource.org/w/api.php?action=query&meta=siteinfo&siprop=rightsinfo&format=json	1
abbasid-arabic	ar.wikisource.org: هداية الحيارى	CC-BY-SA-4.0	https://ar.wikisource.org/w/api.php?action=query&meta=siteinfo&siprop=rightsinfo&format=json	1
tenochtitlan-nahuatl	Internet Archive: Ayer_PA3855N34_S34_1895	public domain	https://archive.org/details/Ayer_PA3855N34_S34_1895	4
tenochtitlan-nahuatl	Internet Archive: Ayer_PM4061_C67_1840	public domain	https://archive.org/details/Ayer_PM4061_C67_1840	2
tenochtitlan-nahuatl	Internet Archive: Ayer_PM4061_D48_1842	public domain	https://archive.org/details/Ayer_PM4061_D48_1842	4
tenochtitlan-nahuatl	Internet Archive: Ayer_PM4061_L46_1837	public domain	https://archive.org/details/Ayer_PM4061_L46_1837	2
tenochtitlan-nahuatl	Internet Archive: analisisgramatic00rosa	public domain	https://archive.org/details/analisisgramatic00rosa	4
tenochtitlan-nahuatl	Internet Archive: ancientnahuatlpo00brinrich	public domain	https://archive.org/details/ancientnahuatlpo00brinrich	4
tenochtitlan-nahuatl	Internet Archive: annalesdedoming00simgoog	public domain	https://archive.org/details/annalesdedoming00simgoog	4
tenochtitlan-nahuatl	Internet Archive: apologiaydeclara00osso	public domain	https://archive.org/details/apologiaydeclara00osso	3
tenochtitlan-nahuatl	Internet Archive: artedelenguamexi00vzqu	public domain	https://archive.org/details/artedelenguamexi00vzqu	3
tenochtitlan-nahuatl	Internet Archive: artedelenguamexi01vzqu	public domain	https://archive.org/details/artedelenguamexi01vzqu	3
tenochtitlan-nahuatl	Internet Archive: ayer_871_a953_V3_1726	public domain	https://archive.org/details/ayer_871_a953_V3_1726	3
tenochtitlan-nahuatl	Internet Archive: ayer_871_a9545_a9545_p2_1759	public domain	https://archive.org/details/ayer_871_a9545_a9545_p2_1759	4
tenochtitlan-nahuatl	Internet Archive: ayer_871_a9545_b2_1606	public domain	https://archive.org/details/ayer_871_a9545_b2_1606	6
tenochtitlan-nahuatl	Internet Archive: ayer_871_a9545_m6_1607	public domain	https://archive.org/details/ayer_871_a9545_m6_1607	6
tenochtitlan-nahuatl	Internet Archive: ayer_871_a955_c35_a5_1634	public domain	https://archive.org/details/ayer_871_a955_c35_a5_1634	3
tenochtitlan-nahuatl	Internet Archive: ayer_pm_4068_4_c5_a6_1800z	public domain	https://archive.org/details/ayer_pm_4068_4_c5_a6_1800z	2
tenochtitlan-nahuatl	Internet Archive: brevepracticayre00velz	public domain	https://archive.org/details/brevepracticayre00velz	3
tenochtitlan-nahuatl	Internet Archive: caminodelcieloen01lenm	public domain	https://archive.org/details/caminodelcieloen01lenm	3
tenochtitlan-nahuatl	Internet Archive: catecismobrevequ00vzqu	public domain	https://archive.org/details/catecismobrevequ00vzqu	4
tenochtitlan-nahuatl	Internet Archive: catecismodeladoc00ripa	public domain	https://archive.org/details/catecismodeladoc00ripa	1
tenochtitlan-nahuatl	Internet Archive: cathecismobreveq00vzqu	public domain	https://archive.org/details/cathecismobreveq00vzqu	3
tenochtitlan-nahuatl	Internet Archive: cathecismoromano00cath	public domain	https://archive.org/details/cathecismoromano00cath	3
tenochtitlan-nahuatl	Internet Archive: cathecismoromano00cath_0	public domain	https://archive.org/details/cathecismoromano00cath_0	3
tenochtitlan-nahuatl	Internet Archive: claraysucintaexp00mexi	public domain	https://archive.org/details/claraysucintaexp00mexi	2
tenochtitlan-nahuatl	Internet Archive: claraysucintaexp01pueb	public domain	https://archive.org/details/claraysucintaexp01pueb	1
tenochtitlan-nahuatl	Internet Archive: codiceaubinmanus00unse	public domain	https://archive.org/details/codiceaubinmanus00unse	3
tenochtitlan-nahuatl	Internet Archive: colloquiosdelapa00gaon	public domain	https://archive.org/details/colloquiosdelapa00gaon	3
tenochtitlan-nahuatl	Internet Archive: confessionarioen01juan	public domain	https://archive.org/details/confessionarioen01juan	4
tenochtitlan-nahuatl	Internet Archive: depsalmodiachris00saha	public domain	https://archive.org/details/depsalmodiachris00saha	3
tenochtitlan-nahuatl	Internet Archive: doctrinachristia00moli_1	public domain	https://archive.org/details/doctrinachristia00moli_1	3
tenochtitlan-nahuatl	Internet Archive: donfranciscoxavi00spai	public domain	https://archive.org/details/donfranciscoxavi00spai	2
tenochtitlan-nahuatl	Internet Archive: elevangeliodeslu00pazy	public domain	https://archive.org/details/elevangeliodeslu00pazy	2
tenochtitlan-nahuatl	Internet Archive: evangeliariumepi00cath	public domain	https://archive.org/details/evangeliariumepi00cath	2
tenochtitlan-nahuatl	Internet Archive: explicacinclaray00unse	public domain	https://archive.org/details/explicacinclaray00unse	1
tenochtitlan-nahuatl	Internet Archive: gpl_6239911	public domain	https://archive.org/details/gpl_6239911	2
tenochtitlan-nahuatl	Internet Archive: grammairedelalan00olmouoft	public domain	https://archive.org/details/grammairedelalan00olmouoft	3
tenochtitlan-nahuatl	Internet Archive: gri_000033125008483931	public domain	https://archive.org/details/gri_000033125008483931	1
tenochtitlan-nahuatl	Internet Archive: huehuetlahtolliq00juan	public domain	https://archive.org/details/huehuetlahtolliq00juan	3
tenochtitlan-nahuatl	Internet Archive: hueitlamahuiolti00lass	public domain	https://archive.org/details/hueitlamahuiolti00lass	3
tenochtitlan-nahuatl	Internet Archive: lavidaymilagrosd00sena	public domain	https://archive.org/details/lavidaymilagrosd00sena	1
tenochtitlan-nahuatl	Internet Archive: librodelamiseria01juan	public domain	https://archive.org/details/librodelamiseria01juan	3
tenochtitlan-nahuatl	Internet Archive: manualmexicanode00cath	public domain	https://archive.org/details/manualmexicanode00cath	3
tenochtitlan-nahuatl	Internet Archive: meditacionesdels00leon	public domain	https://archive.org/details/meditacionesdels00leon	2
tenochtitlan-nahuatl	Internet Archive: oracionpanegyric00ruiz	public domain	https://archive.org/details/oracionpanegyric00ruiz	3
tenochtitlan-nahuatl	Internet Archive: primerapartedels00lenf	public domain	https://archive.org/details/primerapartedels00lenf	3
tenochtitlan-nahuatl	Internet Archive: primerapartedels00mija	public domain	https://archive.org/details/primerapartedels00mija	3
tenochtitlan-nahuatl	Internet Archive: sermonarioenleng00juan	public domain	https://archive.org/details/sermonarioenleng00juan	6
tenochtitlan-nahuatl	Internet Archive: sermondenuestrag00pare	public domain	https://archive.org/details/sermondenuestrag00pare	3
tenochtitlan-nahuatl	Internet Archive: tratado-de-hechicerias-y-sortilegios-1553	public domain	https://archive.org/details/tratado-de-hechicerias-y-sortilegios-1553	6
tenochtitlan-nahuatl	Internet Archive: vidaymilagrosdel01juan	public domain	https://archive.org/details/vidaymilagrosdel01juan	2
colonial-doctrina-quechua	Biblioteca Nacional del Peru (BNP Digital): 01da0cc4-5820-45f5-853a-ccb4dbdb1206	public domain	https://hdl.handle.net/20.500.14428/42734	4
colonial-doctrina-quechua	Biblioteca Nacional del Peru (BNP Digital): 01f9c76d-8d82-4aa1-9a2b-d2a1032f5596	public domain	https://hdl.handle.net/20.500.14428/36979	4
colonial-doctrina-quechua	Biblioteca Nacional del Peru (BNP Digital): 0cf811fe-7c5b-4f00-a9ee-1260b8eda192	public domain	https://hdl.handle.net/20.500.14428/43848	4
colonial-doctrina-quechua	Biblioteca Nacional del Peru (BNP Digital): 14896849-9567-4d97-97b1-2ff12c7abd9c	public domain	https://hdl.handle.net/20.500.14428/63543	4
colonial-doctrina-quechua	Biblioteca Nacional del Peru (BNP Digital): 30dc0bca-008b-497c-8b61-6c48d49c8210	public domain	https://hdl.handle.net/20.500.14428/72929	2
colonial-doctrina-quechua	Biblioteca Nacional del Peru (BNP Digital): 3d387622-19a1-49c5-8f63-093faf7374ae	public domain	https://hdl.handle.net/20.500.14428/42977	4
colonial-doctrina-quechua	Biblioteca Nacional del Peru (BNP Digital): 446de5b2-e300-416c-9c75-653828250467	public domain	https://hdl.handle.net/20.500.14428/63580	3
colonial-doctrina-quechua	Biblioteca Nacional del Peru (BNP Digital): 44deb1db-2253-4be4-b1c4-3c3b55facea2	public domain	https://hdl.handle.net/20.500.14428/36690	4
colonial-doctrina-quechua	Biblioteca Nacional del Peru (BNP Digital): 597baaff-f887-484e-9bf5-0e908226034b	public domain	https://hdl.handle.net/20.500.14428/62560	4
colonial-doctrina-quechua	Biblioteca Nacional del Peru (BNP Digital): 5f380e7a-5e6d-4bd5-8a03-45b7efa7babf	public domain	https://hdl.handle.net/20.500.14428/40975	4
colonial-doctrina-quechua	Biblioteca Nacional del Peru (BNP Digital): 82d0597a-18f2-400c-9ce9-327474ce2f30	public domain	https://hdl.handle.net/20.500.14428/43431	3
colonial-doctrina-quechua	Biblioteca Nacional del Peru (BNP Digital): 844a60fc-c1b5-437f-9c2d-587f0b4dfd07	public domain	https://hdl.handle.net/20.500.14428/42745	3
colonial-doctrina-quechua	Biblioteca Nacional del Peru (BNP Digital): 9289424c-31e9-40d9-89df-03aa48881e41	public domain	https://hdl.handle.net/20.500.14428/36694	3
colonial-doctrina-quechua	Biblioteca Nacional del Peru (BNP Digital): 9550514a-a9dc-4857-98eb-937575b6e991	public domain	https://hdl.handle.net/20.500.14428/37007	3
colonial-doctrina-quechua	Biblioteca Nacional del Peru (BNP Digital): 96b47c22-be9b-4f6a-9ea0-2c21636e3c8c	public domain	https://hdl.handle.net/20.500.14428/36967	3
colonial-doctrina-quechua	Biblioteca Nacional del Peru (BNP Digital): aeae0a74-55b9-4358-b5be-dde1676ad511	public domain	https://hdl.handle.net/20.500.14428/71709	4
colonial-doctrina-quechua	Biblioteca Nacional del Peru (BNP Digital): b49b522f-25c2-4f49-bbf2-fdf06c2fae9f	public domain	https://hdl.handle.net/20.500.14428/59066	3
colonial-doctrina-quechua	Biblioteca Nacional del Peru (BNP Digital): c0f1f7aa-0579-4054-a7d4-a21aaaf8db57	public domain	http://hdl.handle.net/20.500.14428/82794	4
colonial-doctrina-quechua	Biblioteca Nacional del Peru (BNP Digital): c2066f3a-636d-4621-8188-8aaf63ca8cda	public domain	https://hdl.handle.net/20.500.14428/71700	3
colonial-doctrina-quechua	Biblioteca Nacional del Peru (BNP Digital): d2111945-608b-401f-bc44-3f727c5e0fb3	public domain	https://hdl.handle.net/20.500.14428/36969	4
colonial-doctrina-quechua	Biblioteca Nacional del Peru (BNP Digital): da4e1ef2-b895-435e-96e9-340912286810	public domain	https://hdl.handle.net/20.500.14428/43317	3
colonial-doctrina-quechua	Biblioteca Nacional del Peru (BNP Digital): e6d96c14-a387-42c7-9930-15fce223e9ab	public domain	https://hdl.handle.net/20.500.14428/41550	3
colonial-doctrina-quechua	Biblioteca Nacional del Peru (BNP Digital): e7d89913-4223-4d7c-b272-9c6f474777e9	public domain	https://hdl.handle.net/20.500.14428/36970	4
colonial-doctrina-quechua	Biblioteca Nacional del Peru (BNP Digital): eacb63da-7127-4e6f-b822-0758d5320b00	public domain	https://hdl.handle.net/20.500.14428/43292	3
colonial-doctrina-quechua	Biblioteca Nacional del Peru (BNP Digital): f1ec1043-1032-4160-9996-4d084795676c	public domain	https://hdl.handle.net/20.500.14428/40875	3
colonial-doctrina-quechua	Biblioteca Nacional del Peru (BNP Digital): f3f643d6-87bb-42fe-88dc-6814b12bdaa7	public domain	https://hdl.handle.net/20.500.14428/71656	1
colonial-doctrina-quechua	Biblioteca Nacional del Peru (BNP Digital): fe5e9f63-9ff7-4a4d-841a-a564f35708c6	public domain	https://hdl.handle.net/20.500.14428/41303	3
colonial-doctrina-quechua	Internet Archive: chuscuevangelioc00unse	public domain	https://archive.org/details/chuscuevangelioc00unse	4
colonial-doctrina-quechua	Internet Archive: declaracioncopio01bell	public domain	https://archive.org/details/declaracioncopio01bell	8
colonial-doctrina-quechua	Internet Archive: directorioespiri00prad	public domain	https://archive.org/details/directorioespiri00prad	8
colonial-doctrina-quechua	Internet Archive: directorioespiri01prad	public domain	https://archive.org/details/directorioespiri01prad	8
colonial-doctrina-quechua	Internet Archive: ritualformulario00prez	public domain	https://archive.org/details/ritualformulario00prez	8
colonial-doctrina-quechua	Internet Archive: sermonesdelosmis00aven	public domain	https://archive.org/details/sermonesdelosmis00aven	8
colonial-doctrina-quechua	Internet Archive: tercerocatecismo00cath	public domain	https://archive.org/details/tercerocatecismo00cath	8
colonial-doctrina-quechua	Internet Archive: tratadodeloseuan00avil	public domain	https://archive.org/details/tratadodeloseuan00avil	8
kahnawake-mohawk	Internet Archive: Ayer_3A_566	public domain	https://archive.org/details/Ayer_3A_566	7
kahnawake-mohawk	Internet Archive: MOHNTC_DBS_HS	public domain	https://archive.org/details/MOHNTC_DBS_HS	7
kahnawake-mohawk	Internet Archive: MOHPOR_DBS_HS	public domain	https://archive.org/details/MOHPOR_DBS_HS	7
kahnawake-mohawk	Internet Archive: ayer_3a_565_no_02	public domain	https://archive.org/details/ayer_3a_565_no_02	8
kahnawake-mohawk	Internet Archive: bp_601469	public domain	https://archive.org/details/bp_601469	4
kahnawake-mohawk	Internet Archive: cihm_20883	public domain	https://archive.org/details/cihm_20883	2
kahnawake-mohawk	Internet Archive: cihm_42155	public domain	https://archive.org/details/cihm_42155	7
kahnawake-mohawk	Internet Archive: cihm_45010	public domain	https://archive.org/details/cihm_45010	8
kahnawake-mohawk	Internet Archive: cihm_45013	public domain	https://archive.org/details/cihm_45013	7
kahnawake-mohawk	Internet Archive: cihm_45016	public domain	https://archive.org/details/cihm_45016	6
kahnawake-mohawk	Internet Archive: cihm_45017	public domain	https://archive.org/details/cihm_45017	8
kahnawake-mohawk	Internet Archive: cihm_45020	public domain	https://archive.org/details/cihm_45020	7
kahnawake-mohawk	Internet Archive: cihm_45021	public domain	https://archive.org/details/cihm_45021	7
kahnawake-mohawk	Internet Archive: cihm_59494	public domain	https://archive.org/details/cihm_59494	7
kahnawake-mohawk	Internet Archive: holygospelstrans00onas	public domain	https://archive.org/details/holygospelstrans00onas	8
kahnawake-mohawk	Internet Archive: kaiatonseraiont00cuoq	public domain	https://archive.org/details/kaiatonseraiont00cuoq	7
kahnawake-mohawk	Internet Archive: kaiatonseraionte00marc	public domain	https://archive.org/details/kaiatonseraionte00marc	8
kahnawake-mohawk	Internet Archive: lettresdefeumjos00marc	public domain	https://archive.org/details/lettresdefeumjos00marc	5
kahnawake-mohawk	Internet Archive: nenekarighyoston00unse	public domain	https://archive.org/details/nenekarighyoston00unse	8
kahnawake-mohawk	Internet Archive: neroyadadokenght00unse	public domain	https://archive.org/details/neroyadadokenght00unse	8
kahnawake-mohawk	Internet Archive: primerforuseofmo00clau	public domain	https://archive.org/details/primerforuseofmo00clau	7
kahnawake-mohawk	Internet Archive: tsiataknihonon8e00cath	public domain	https://archive.org/details/tsiataknihonon8e00cath	7
varanasi-sanskrit	sa.wikisource.org: अथर्वपरिशिष्टः	CC-BY-SA-4.0	https://sa.wikisource.org/w/api.php?action=query&meta=siteinfo&siprop=rightsinfo&format=json	1
varanasi-sanskrit	sa.wikisource.org: अथर्ववेदः	CC-BY-SA-4.0	https://sa.wikisource.org/w/api.php?action=query&meta=siteinfo&siprop=rightsinfo&format=json	1
varanasi-sanskrit	sa.wikisource.org: अन्नपूर्णोपनिषत्	CC-BY-SA-4.0	https://sa.wikisource.org/w/api.php?action=query&meta=siteinfo&siprop=rightsinfo&format=json	1
varanasi-sanskrit	sa.wikisource.org: अर्थसंग्रहः	CC-BY-SA-4.0	https://sa.wikisource.org/w/api.php?action=query&meta=siteinfo&siprop=rightsinfo&format=json	1
varanasi-sanskrit	sa.wikisource.org: अष्टाङ्गनिघण्टु	CC-BY-SA-4.0	https://sa.wikisource.org/w/api.php?action=query&meta=siteinfo&siprop=rightsinfo&format=json	1
varanasi-sanskrit	sa.wikisource.org: अष्टाङ्गसंग्रहः उत्तरस्थानम् अध्याय १६-२०	CC-BY-SA-4.0	https://sa.wikisource.org/w/api.php?action=query&meta=siteinfo&siprop=rightsinfo&format=json	1
varanasi-sanskrit	sa.wikisource.org: अष्टाङ्गसंग्रहः उत्तरस्थानम् अध्याय २१-२५	CC-BY-SA-4.0	https://sa.wikisource.org/w/api.php?action=query&meta=siteinfo&siprop=rightsinfo&format=json	1
varanasi-sanskrit	sa.wikisource.org: अष्टाङ्गसंग्रहः उत्तरस्थानम् अध्याय ३१-३५	CC-BY-SA-4.0	https://sa.wikisource.org/w/api.php?action=query&meta=siteinfo&siprop=rightsinfo&format=json	1
varanasi-sanskrit	sa.wikisource.org: अष्टाङ्गसंग्रहः उत्तरस्थानम् अध्याय ४१-४५	CC-BY-SA-4.0	https://sa.wikisource.org/w/api.php?action=query&meta=siteinfo&siprop=rightsinfo&format=json	1
varanasi-sanskrit	sa.wikisource.org: अष्टाङ्गसंग्रहः चिकित्सितस्थानम् अध्याय १६-२०	CC-BY-SA-4.0	https://sa.wikisource.org/w/api.php?action=query&meta=siteinfo&siprop=rightsinfo&format=json	1
varanasi-sanskrit	sa.wikisource.org: अष्टाङ्गसंग्रहः निदानस्थानम् अध्याय ११-१६	CC-BY-SA-4.0	https://sa.wikisource.org/w/api.php?action=query&meta=siteinfo&siprop=rightsinfo&format=json	1
varanasi-sanskrit	sa.wikisource.org: अष्टाङ्गहृदयम्	CC-BY-SA-4.0	https://sa.wikisource.org/w/api.php?action=query&meta=siteinfo&siprop=rightsinfo&format=json	1
varanasi-sanskrit	sa.wikisource.org: अहोरात्रव्रतचैत्यसेवानुशंसावदानम्	CC-BY-SA-4.0	https://sa.wikisource.org/w/api.php?action=query&meta=siteinfo&siprop=rightsinfo&format=json	1
varanasi-sanskrit	sa.wikisource.org: आपस्तम्ब गृह्यसूत्राणि, हरदत्तस्य अनुकूला, सुदर्शनसूरेः तात्पर्यदर्शनम् च	CC-BY-SA-4.0	https://sa.wikisource.org/w/api.php?action=query&meta=siteinfo&siprop=rightsinfo&format=json	1
varanasi-sanskrit	sa.wikisource.org: आपस्तम्ब-श्रौतसूत्रम्	CC-BY-SA-4.0	https://sa.wikisource.org/w/api.php?action=query&meta=siteinfo&siprop=rightsinfo&format=json	1
varanasi-sanskrit	sa.wikisource.org: आपस्तम्बीय श्रौतप्रयोगः	CC-BY-SA-4.0	https://sa.wikisource.org/w/api.php?action=query&meta=siteinfo&siprop=rightsinfo&format=json	1
varanasi-sanskrit	sa.wikisource.org: आश्वलायन श्रौतसूत्रम्	CC-BY-SA-4.0	https://sa.wikisource.org/w/api.php?action=query&meta=siteinfo&siprop=rightsinfo&format=json	1
varanasi-sanskrit	sa.wikisource.org: उणादिकोशः	CC-BY-SA-4.0	https://sa.wikisource.org/w/api.php?action=query&meta=siteinfo&siprop=rightsinfo&format=json	1
varanasi-sanskrit	sa.wikisource.org: उपदेशसाहस्री (गद्यप्रबन्धः)	CC-BY-SA-4.0	https://sa.wikisource.org/w/api.php?action=query&meta=siteinfo&siprop=rightsinfo&format=json	1
varanasi-sanskrit	sa.wikisource.org: उपायहृदयम्	CC-BY-SA-4.0	https://sa.wikisource.org/w/api.php?action=query&meta=siteinfo&siprop=rightsinfo&format=json	1
varanasi-sanskrit	sa.wikisource.org: ऋग्वेदः खिलसूक्तानि	CC-BY-SA-4.0	https://sa.wikisource.org/w/api.php?action=query&meta=siteinfo&siprop=rightsinfo&format=json	1
varanasi-sanskrit	sa.wikisource.org: ऋग्वेदः सूक्तं १.११२	CC-BY-SA-4.0	https://sa.wikisource.org/w/api.php?action=query&meta=siteinfo&siprop=rightsinfo&format=json	1
varanasi-sanskrit	sa.wikisource.org: ऋग्वेदः सूक्तं १.११३	CC-BY-SA-4.0	https://sa.wikisource.org/w/api.php?action=query&meta=siteinfo&siprop=rightsinfo&format=json	1
varanasi-sanskrit	sa.wikisource.org: ऋग्वेदः सूक्तं १.११७	CC-BY-SA-4.0	https://sa.wikisource.org/w/api.php?action=query&meta=siteinfo&siprop=rightsinfo&format=json	1
varanasi-sanskrit	sa.wikisource.org: ऋग्वेदः सूक्तं १.३६	CC-BY-SA-4.0	https://sa.wikisource.org/w/api.php?action=query&meta=siteinfo&siprop=rightsinfo&format=json	1
varanasi-sanskrit	sa.wikisource.org: ऋग्वेदः सूक्तं १.६१	CC-BY-SA-4.0	https://sa.wikisource.org/w/api.php?action=query&meta=siteinfo&siprop=rightsinfo&format=json	1
varanasi-sanskrit	sa.wikisource.org: ऋग्वेदः सूक्तं १०.२७	CC-BY-SA-4.0	https://sa.wikisource.org/w/api.php?action=query&meta=siteinfo&siprop=rightsinfo&format=json	1
varanasi-sanskrit	sa.wikisource.org: ऋग्वेदः सूक्तं १०.८५	CC-BY-SA-4.0	https://sa.wikisource.org/w/api.php?action=query&meta=siteinfo&siprop=rightsinfo&format=json	1
varanasi-sanskrit	sa.wikisource.org: ऋग्वेदः सूक्तं ३.३१	CC-BY-SA-4.0	https://sa.wikisource.org/w/api.php?action=query&meta=siteinfo&siprop=rightsinfo&format=json	1
varanasi-sanskrit	sa.wikisource.org: ऋग्वेदः सूक्तं ३.५३	CC-BY-SA-4.0	https://sa.wikisource.org/w/api.php?action=query&meta=siteinfo&siprop=rightsinfo&format=json	1
varanasi-sanskrit	sa.wikisource.org: ऋग्वेदः सूक्तं ३.५४	CC-BY-SA-4.0	https://sa.wikisource.org/w/api.php?action=query&meta=siteinfo&siprop=rightsinfo&format=json	1
varanasi-sanskrit	sa.wikisource.org: ऋग्वेदः सूक्तं ८.१	CC-BY-SA-4.0	https://sa.wikisource.org/w/api.php?action=query&meta=siteinfo&siprop=rightsinfo&format=json	1
varanasi-sanskrit	sa.wikisource.org: ऋग्वेदादिभाष्यभूमिका (दयानन्दसरस्वतीविरचिता)	CC-BY-SA-4.0	https://sa.wikisource.org/w/api.php?action=query&meta=siteinfo&siprop=rightsinfo&format=json	1
varanasi-sanskrit	sa.wikisource.org: ऐतरेय ब्राह्मणम्	CC-BY-SA-4.0	https://sa.wikisource.org/w/api.php?action=query&meta=siteinfo&siprop=rightsinfo&format=json	1
varanasi-sanskrit	sa.wikisource.org: कठारण्यकम्	CC-BY-SA-4.0	https://sa.wikisource.org/w/api.php?action=query&meta=siteinfo&siprop=rightsinfo&format=json	1
varanasi-sanskrit	sa.wikisource.org: कथासरित्सागरः	CC-BY-SA-4.0	https://sa.wikisource.org/w/api.php?action=query&meta=siteinfo&siprop=rightsinfo&format=json	1
varanasi-sanskrit	sa.wikisource.org: कलसंकर्षिणीमततन्त्रटिप्पणी	CC-BY-SA-4.0	https://sa.wikisource.org/w/api.php?action=query&meta=siteinfo&siprop=rightsinfo&format=json	1
varanasi-sanskrit	sa.wikisource.org: कल्पः	CC-BY-SA-4.0	https://sa.wikisource.org/w/api.php?action=query&meta=siteinfo&siprop=rightsinfo&format=json	1
varanasi-sanskrit	sa.wikisource.org: कामकलाविलासः	CC-BY-SA-4.0	https://sa.wikisource.org/w/api.php?action=query&meta=siteinfo&siprop=rightsinfo&format=json	1
varanasi-sanskrit	sa.wikisource.org: कामाख्यातन्त्रम्	CC-BY-SA-4.0	https://sa.wikisource.org/w/api.php?action=query&meta=siteinfo&siprop=rightsinfo&format=json	1
varanasi-sanskrit	sa.wikisource.org: काशिका	CC-BY-SA-4.0	https://sa.wikisource.org/w/api.php?action=query&meta=siteinfo&siprop=rightsinfo&format=json	1
varanasi-sanskrit	sa.wikisource.org: काशिकाविवरणपञ्जिका	CC-BY-SA-4.0	https://sa.wikisource.org/w/api.php?action=query&meta=siteinfo&siprop=rightsinfo&format=json	1
varanasi-sanskrit	sa.wikisource.org: कुमारसम्भवम् - मल्लिनाथः	CC-BY-SA-4.0	https://sa.wikisource.org/w/api.php?action=query&meta=siteinfo&siprop=rightsinfo&format=json	1
varanasi-sanskrit	sa.wikisource.org: कुलानन्दादि	CC-BY-SA-4.0	https://sa.wikisource.org/w/api.php?action=query&meta=siteinfo&siprop=rightsinfo&format=json	1
varanasi-sanskrit	sa.wikisource.org: कौटिलीय अर्थशास्त्रं १	CC-BY-SA-4.0	https://sa.wikisource.org/w/api.php?action=query&meta=siteinfo&siprop=rightsinfo&format=json	1
varanasi-sanskrit	sa.wikisource.org: कौटिलीय अर्थशास्त्रं ४	CC-BY-SA-4.0	https://sa.wikisource.org/w/api.php?action=query&meta=siteinfo&siprop=rightsinfo&format=json	1
varanasi-sanskrit	sa.wikisource.org: कौशिकसूत्रम्	CC-BY-SA-4.0	https://sa.wikisource.org/w/api.php?action=query&meta=siteinfo&siprop=rightsinfo&format=json	1
varanasi-sanskrit	sa.wikisource.org: कौषीतकिब्राह्मणम्	CC-BY-SA-4.0	https://sa.wikisource.org/w/api.php?action=query&meta=siteinfo&siprop=rightsinfo&format=json	1
varanasi-sanskrit	sa.wikisource.org: क्षणभङ्गसिद्विः	CC-BY-SA-4.0	https://sa.wikisource.org/w/api.php?action=query&meta=siteinfo&siprop=rightsinfo&format=json	1
varanasi-sanskrit	sa.wikisource.org: गीताभाष्यतात्पर्यचन्द्रिका	CC-BY-SA-4.0	https://sa.wikisource.org/w/api.php?action=query&meta=siteinfo&siprop=rightsinfo&format=json	1
varanasi-sanskrit	sa.wikisource.org: गुरु गीता	CC-BY-SA-4.0	https://sa.wikisource.org/w/api.php?action=query&meta=siteinfo&siprop=rightsinfo&format=json	1
varanasi-sanskrit	sa.wikisource.org: गोपथ ब्राह्मणम्	CC-BY-SA-4.0	https://sa.wikisource.org/w/api.php?action=query&meta=siteinfo&siprop=rightsinfo&format=json	1
varanasi-sanskrit	sa.wikisource.org: गौतमस्मृतिः	CC-BY-SA-4.0	https://sa.wikisource.org/w/api.php?action=query&meta=siteinfo&siprop=rightsinfo&format=json	1
varanasi-sanskrit	sa.wikisource.org: चरकसंहिता	CC-BY-SA-4.0	https://sa.wikisource.org/w/api.php?action=query&meta=siteinfo&siprop=rightsinfo&format=json	1
varanasi-sanskrit	sa.wikisource.org: चर्यापादः	CC-BY-SA-4.0	https://sa.wikisource.org/w/api.php?action=query&meta=siteinfo&siprop=rightsinfo&format=json	1
varanasi-sanskrit	sa.wikisource.org: चाणक्यनीतिः	CC-BY-SA-4.0	https://sa.wikisource.org/w/api.php?action=query&meta=siteinfo&siprop=rightsinfo&format=json	1
varanasi-sanskrit	sa.wikisource.org: चाणक्यनीतिदर्पणः	CC-BY-SA-4.0	https://sa.wikisource.org/w/api.php?action=query&meta=siteinfo&siprop=rightsinfo&format=json	1
varanasi-sanskrit	sa.wikisource.org: चारायणीयशिक्षा	CC-BY-SA-4.0	https://sa.wikisource.org/w/api.php?action=query&meta=siteinfo&siprop=rightsinfo&format=json	1
varanasi-sanskrit	sa.wikisource.org: जयाख्यसंहिता	CC-BY-SA-4.0	https://sa.wikisource.org/w/api.php?action=query&meta=siteinfo&siprop=rightsinfo&format=json	1
varanasi-sanskrit	sa.wikisource.org: जैमिनीयोपनिषद्ब्राह्मणम्	CC-BY-SA-4.0	https://sa.wikisource.org/w/api.php?action=query&meta=siteinfo&siprop=rightsinfo&format=json	1
varanasi-sanskrit	sa.wikisource.org: ज्ञापकसंग्रहपरिशिष्टम्	CC-BY-SA-4.0	https://sa.wikisource.org/w/api.php?action=query&meta=siteinfo&siprop=rightsinfo&format=json	1
varanasi-sanskrit	sa.wikisource.org: टोडलतन्त्रम्	CC-BY-SA-4.0	https://sa.wikisource.org/w/api.php?action=query&meta=siteinfo&siprop=rightsinfo&format=json	1
varanasi-sanskrit	sa.wikisource.org: तन्त्रयुक्तिविचारः	CC-BY-SA-4.0	https://sa.wikisource.org/w/api.php?action=query&meta=siteinfo&siprop=rightsinfo&format=json	1
varanasi-sanskrit	sa.wikisource.org: तन्त्रालोकः प्रथममाह्निकम्	CC-BY-SA-4.0	https://sa.wikisource.org/w/api.php?action=query&meta=siteinfo&siprop=rightsinfo&format=json	1
varanasi-sanskrit	sa.wikisource.org: तर्कसोपानम्	CC-BY-SA-4.0	https://sa.wikisource.org/w/api.php?action=query&meta=siteinfo&siprop=rightsinfo&format=json	1
varanasi-sanskrit	sa.wikisource.org: तैत्तिरीयब्राह्मणम् (विस्वरपाठः)	CC-BY-SA-4.0	https://sa.wikisource.org/w/api.php?action=query&meta=siteinfo&siprop=rightsinfo&format=json	1
varanasi-sanskrit	sa.wikisource.org: तैत्तिरीयसंहिता(विस्वरः)	CC-BY-SA-4.0	https://sa.wikisource.org/w/api.php?action=query&meta=siteinfo&siprop=rightsinfo&format=json	1
varanasi-sanskrit	sa.wikisource.org: दत्तात्रेयतन्त्रम्	CC-BY-SA-4.0	https://sa.wikisource.org/w/api.php?action=query&meta=siteinfo&siprop=rightsinfo&format=json	1
varanasi-sanskrit	sa.wikisource.org: दशकुमारचरितम्	CC-BY-SA-4.0	https://sa.wikisource.org/w/api.php?action=query&meta=siteinfo&siprop=rightsinfo&format=json	1
varanasi-sanskrit	sa.wikisource.org: देवीपूजा	CC-BY-SA-4.0	https://sa.wikisource.org/w/api.php?action=query&meta=siteinfo&siprop=rightsinfo&format=json	1
varanasi-sanskrit	sa.wikisource.org: नाट्यशास्त्रम्	CC-BY-SA-4.0	https://sa.wikisource.org/w/api.php?action=query&meta=siteinfo&siprop=rightsinfo&format=json	1
varanasi-sanskrit	sa.wikisource.org: नारदपुराणम्- पूर्वार्धः	CC-BY-SA-4.0	https://sa.wikisource.org/w/api.php?action=query&meta=siteinfo&siprop=rightsinfo&format=json	1
varanasi-sanskrit	sa.wikisource.org: पञ्चक्रमः	CC-BY-SA-4.0	https://sa.wikisource.org/w/api.php?action=query&meta=siteinfo&siprop=rightsinfo&format=json	1
varanasi-sanskrit	sa.wikisource.org: पञ्चपादिकाविवरणम्	CC-BY-SA-4.0	https://sa.wikisource.org/w/api.php?action=query&meta=siteinfo&siprop=rightsinfo&format=json	1
varanasi-sanskrit	sa.wikisource.org: पञ्चरात्रम्	CC-BY-SA-4.0	https://sa.wikisource.org/w/api.php?action=query&meta=siteinfo&siprop=rightsinfo&format=json	1
varanasi-sanskrit	sa.wikisource.org: पञ्चविंशब्राह्मणम्	CC-BY-SA-4.0	https://sa.wikisource.org/w/api.php?action=query&meta=siteinfo&siprop=rightsinfo&format=json	1
varanasi-sanskrit	sa.wikisource.org: पद्मपुराणम्	CC-BY-SA-4.0	https://sa.wikisource.org/w/api.php?action=query&meta=siteinfo&siprop=rightsinfo&format=json	1
varanasi-sanskrit	sa.wikisource.org: परमेश्वरसंहिता	CC-BY-SA-4.0	https://sa.wikisource.org/w/api.php?action=query&meta=siteinfo&siprop=rightsinfo&format=json	1
varanasi-sanskrit	sa.wikisource.org: परशम्भुमहिम्नस्तवः	CC-BY-SA-4.0	https://sa.wikisource.org/w/api.php?action=query&meta=siteinfo&siprop=rightsinfo&format=json	1
varanasi-sanskrit	sa.wikisource.org: परात्रीशिकालघुवृत्तिः	CC-BY-SA-4.0	https://sa.wikisource.org/w/api.php?action=query&meta=siteinfo&siprop=rightsinfo&format=json	1
varanasi-sanskrit	sa.wikisource.org: पैप्पलादसंहिता	CC-BY-SA-4.0	https://sa.wikisource.org/w/api.php?action=query&meta=siteinfo&siprop=rightsinfo&format=json	1
varanasi-sanskrit	sa.wikisource.org: प्रकीर्णाऽधिकारः	CC-BY-SA-4.0	https://sa.wikisource.org/w/api.php?action=query&meta=siteinfo&siprop=rightsinfo&format=json	1
varanasi-sanskrit	sa.wikisource.org: प्रवारणावस्तु	CC-BY-SA-4.0	https://sa.wikisource.org/w/api.php?action=query&meta=siteinfo&siprop=rightsinfo&format=json	1
varanasi-sanskrit	sa.wikisource.org: प्रश्नसंहिता	CC-BY-SA-4.0	https://sa.wikisource.org/w/api.php?action=query&meta=siteinfo&siprop=rightsinfo&format=json	1
varanasi-sanskrit	sa.wikisource.org: फलदीपिका	CC-BY-SA-4.0	https://sa.wikisource.org/w/api.php?action=query&meta=siteinfo&siprop=rightsinfo&format=json	1
varanasi-sanskrit	sa.wikisource.org: बगलामुखीपञ्चाङ्गम्	CC-BY-SA-4.0	https://sa.wikisource.org/w/api.php?action=query&meta=siteinfo&siprop=rightsinfo&format=json	1
varanasi-sanskrit	sa.wikisource.org: बृहदारण्यक उपनिषद् 2	CC-BY-SA-4.0	https://sa.wikisource.org/w/api.php?action=query&meta=siteinfo&siprop=rightsinfo&format=json	1
varanasi-sanskrit	sa.wikisource.org: बोधिचर्यावतारः (पञ्जिकाव्याख्यासहितः)	CC-BY-SA-4.0	https://sa.wikisource.org/w/api.php?action=query&meta=siteinfo&siprop=rightsinfo&format=json	1
varanasi-sanskrit	sa.wikisource.org: बौधायनश्रौतसूत्रम्	CC-BY-SA-4.0	https://sa.wikisource.org/w/api.php?action=query&meta=siteinfo&siprop=rightsinfo&format=json	1
varanasi-sanskrit	sa.wikisource.org: भगवद्गीतारामानुजभाष्यम्	CC-BY-SA-4.0	https://sa.wikisource.org/w/api.php?action=query&meta=siteinfo&siprop=rightsinfo&format=json	1
varanasi-sanskrit	sa.wikisource.org: भविष्यपुराणम् 	CC-BY-SA-4.0	https://sa.wikisource.org/w/api.php?action=query&meta=siteinfo&siprop=rightsinfo&format=json	1
varanasi-sanskrit	sa.wikisource.org: भावनाक्रमः	CC-BY-SA-4.0	https://sa.wikisource.org/w/api.php?action=query&meta=siteinfo&siprop=rightsinfo&format=json	1
varanasi-sanskrit	sa.wikisource.org: भावप्रकाशसंहिता	CC-BY-SA-4.0	https://sa.wikisource.org/w/api.php?action=query&meta=siteinfo&siprop=rightsinfo&format=json	1
varanasi-sanskrit	sa.wikisource.org: भेलसंहिता सिद्धिस्थानम्	CC-BY-SA-4.0	https://sa.wikisource.org/w/api.php?action=query&meta=siteinfo&siprop=rightsinfo&format=json	1
varanasi-sanskrit	sa.wikisource.org: मत्स्यपुराणम्	CC-BY-SA-4.0	https://sa.wikisource.org/w/api.php?action=query&meta=siteinfo&siprop=rightsinfo&format=json	1
varanasi-sanskrit	sa.wikisource.org: मयमतम्	CC-BY-SA-4.0	https://sa.wikisource.org/w/api.php?action=query&meta=siteinfo&siprop=rightsinfo&format=json	1
varanasi-sanskrit	sa.wikisource.org: महाभारतम्	CC-BY-SA-4.0	https://sa.wikisource.org/w/api.php?action=query&meta=siteinfo&siprop=rightsinfo&format=json	1
varanasi-sanskrit	sa.wikisource.org: महाभारतम्-01-आदिपर्व-064	CC-BY-SA-4.0	https://sa.wikisource.org/w/api.php?action=query&meta=siteinfo&siprop=rightsinfo&format=json	1
varanasi-sanskrit	sa.wikisource.org: महाभाष्यम्	CC-BY-SA-4.0	https://sa.wikisource.org/w/api.php?action=query&meta=siteinfo&siprop=rightsinfo&format=json	1
varanasi-sanskrit	sa.wikisource.org: मानसोल्लासः	CC-BY-SA-4.0	https://sa.wikisource.org/w/api.php?action=query&meta=siteinfo&siprop=rightsinfo&format=json	1
varanasi-sanskrit	sa.wikisource.org: मार्कण्डेयपुराणम्	CC-BY-SA-4.0	https://sa.wikisource.org/w/api.php?action=query&meta=siteinfo&siprop=rightsinfo&format=json	1
varanasi-sanskrit	sa.wikisource.org: मोक्षोपायटीका	CC-BY-SA-4.0	https://sa.wikisource.org/w/api.php?action=query&meta=siteinfo&siprop=rightsinfo&format=json	1
varanasi-sanskrit	sa.wikisource.org: योगशिखोपनिषत्	CC-BY-SA-4.0	https://sa.wikisource.org/w/api.php?action=query&meta=siteinfo&siprop=rightsinfo&format=json	1
varanasi-sanskrit	sa.wikisource.org: योगसूत्रसारः	CC-BY-SA-4.0	https://sa.wikisource.org/w/api.php?action=query&meta=siteinfo&siprop=rightsinfo&format=json	1
varanasi-sanskrit	sa.wikisource.org: रसरत्नसमुच्चय : अध्याय 05	CC-BY-SA-4.0	https://sa.wikisource.org/w/api.php?action=query&meta=siteinfo&siprop=rightsinfo&format=json	1
varanasi-sanskrit	sa.wikisource.org: रसरत्नसमुच्चय : अध्याय 10	CC-BY-SA-4.0	https://sa.wikisource.org/w/api.php?action=query&meta=siteinfo&siprop=rightsinfo&format=json	1
varanasi-sanskrit	sa.wikisource.org: राधाकृष्णार्चनदीपिका	CC-BY-SA-4.0	https://sa.wikisource.org/w/api.php?action=query&meta=siteinfo&siprop=rightsinfo&format=json	1
varanasi-sanskrit	sa.wikisource.org: रुद्राष्टाध्यायी	CC-BY-SA-4.0	https://sa.wikisource.org/w/api.php?action=query&meta=siteinfo&siprop=rightsinfo&format=json	1
varanasi-sanskrit	sa.wikisource.org: लक्षणसङ्ग्रहः	CC-BY-SA-4.0	https://sa.wikisource.org/w/api.php?action=query&meta=siteinfo&siprop=rightsinfo&format=json	1
varanasi-sanskrit	sa.wikisource.org: लक्ष्मीतन्त्रम्	CC-BY-SA-4.0	https://sa.wikisource.org/w/api.php?action=query&meta=siteinfo&siprop=rightsinfo&format=json	1
varanasi-sanskrit	sa.wikisource.org: लघुयोगवासिष्ठः	CC-BY-SA-4.0	https://sa.wikisource.org/w/api.php?action=query&meta=siteinfo&siprop=rightsinfo&format=json	1
varanasi-sanskrit	sa.wikisource.org: लिङ्गपुराणम् - पूर्वभागः	CC-BY-SA-4.0	https://sa.wikisource.org/w/api.php?action=query&meta=siteinfo&siprop=rightsinfo&format=json	1
varanasi-sanskrit	sa.wikisource.org: लौगाक्षि गृह्य सूत्राणि	CC-BY-SA-4.0	https://sa.wikisource.org/w/api.php?action=query&meta=siteinfo&siprop=rightsinfo&format=json	1
varanasi-sanskrit	sa.wikisource.org: वज्रच्छेदिकत्रिशतिकाप्रज्ञापारमितासूत्रम्	CC-BY-SA-4.0	https://sa.wikisource.org/w/api.php?action=query&meta=siteinfo&siprop=rightsinfo&format=json	1
varanasi-sanskrit	sa.wikisource.org: वराहपुराणम्	CC-BY-SA-4.0	https://sa.wikisource.org/w/api.php?action=query&meta=siteinfo&siprop=rightsinfo&format=json	1
varanasi-sanskrit	sa.wikisource.org: वर्षावस्तु	CC-BY-SA-4.0	https://sa.wikisource.org/w/api.php?action=query&meta=siteinfo&siprop=rightsinfo&format=json	1
varanasi-sanskrit	sa.wikisource.org: विग्रहव्यावर्तनी (व्याख्यासहितः)	CC-BY-SA-4.0	https://sa.wikisource.org/w/api.php?action=query&meta=siteinfo&siprop=rightsinfo&format=json	1
varanasi-sanskrit	sa.wikisource.org: विश्वक्सेनासंहिता 	CC-BY-SA-4.0	https://sa.wikisource.org/w/api.php?action=query&meta=siteinfo&siprop=rightsinfo&format=json	1
varanasi-sanskrit	sa.wikisource.org: विष्णुधर्मः	CC-BY-SA-4.0	https://sa.wikisource.org/w/api.php?action=query&meta=siteinfo&siprop=rightsinfo&format=json	1
varanasi-sanskrit	sa.wikisource.org: विष्णुधर्मोत्तरपुराणम्	CC-BY-SA-4.0	https://sa.wikisource.org/w/api.php?action=query&meta=siteinfo&siprop=rightsinfo&format=json	1
varanasi-sanskrit	sa.wikisource.org: वीणाशिखतन्त्रम्	CC-BY-SA-4.0	https://sa.wikisource.org/w/api.php?action=query&meta=siteinfo&siprop=rightsinfo&format=json	1
varanasi-sanskrit	sa.wikisource.org: वैयाकरणभूषणसारः	CC-BY-SA-4.0	https://sa.wikisource.org/w/api.php?action=query&meta=siteinfo&siprop=rightsinfo&format=json	1
varanasi-sanskrit	sa.wikisource.org: वैयाकरणभूषणसारः (काशिकाटीकासहितः)	CC-BY-SA-4.0	https://sa.wikisource.org/w/api.php?action=query&meta=siteinfo&siprop=rightsinfo&format=json	1
varanasi-sanskrit	sa.wikisource.org: वैयाकरणभूषणसारः (शङ्करीव्याख्यासहितः)	CC-BY-SA-4.0	https://sa.wikisource.org/w/api.php?action=query&meta=siteinfo&siprop=rightsinfo&format=json	1
varanasi-sanskrit	sa.wikisource.org: वैयाकरणसिद्धान्तमञ्जूषा	CC-BY-SA-4.0	https://sa.wikisource.org/w/api.php?action=query&meta=siteinfo&siprop=rightsinfo&format=json	1
varanasi-sanskrit	sa.wikisource.org: वैशेषिकसूत्रोपस्कारः	CC-BY-SA-4.0	https://sa.wikisource.org/w/api.php?action=query&meta=siteinfo&siprop=rightsinfo&format=json	1
varanasi-sanskrit	sa.wikisource.org: शङ्करपादभूषणम्	CC-BY-SA-4.0	https://sa.wikisource.org/w/api.php?action=query&meta=siteinfo&siprop=rightsinfo&format=json	1
varanasi-sanskrit	sa.wikisource.org: शङ्खसंहिता	CC-BY-SA-4.0	https://sa.wikisource.org/w/api.php?action=query&meta=siteinfo&siprop=rightsinfo&format=json	1
varanasi-sanskrit	sa.wikisource.org: शतक चन्द्रिका	CC-BY-SA-4.0	https://sa.wikisource.org/w/api.php?action=query&meta=siteinfo&siprop=rightsinfo&format=json	1
varanasi-sanskrit	sa.wikisource.org: शब्दकौस्तुभः	CC-BY-SA-4.0	https://sa.wikisource.org/w/api.php?action=query&meta=siteinfo&siprop=rightsinfo&format=json	1
varanasi-sanskrit	sa.wikisource.org: शान्तिकमलाकरः	CC-BY-SA-4.0	https://sa.wikisource.org/w/api.php?action=query&meta=siteinfo&siprop=rightsinfo&format=json	1
varanasi-sanskrit	sa.wikisource.org: शिवराजविजयम्	CC-BY-SA-4.0	https://sa.wikisource.org/w/api.php?action=query&meta=siteinfo&siprop=rightsinfo&format=json	1
varanasi-sanskrit	sa.wikisource.org: शुक्लयजुर्वेदः	CC-BY-SA-4.0	https://sa.wikisource.org/w/api.php?action=query&meta=siteinfo&siprop=rightsinfo&format=json	1
varanasi-sanskrit	sa.wikisource.org: शृङ्गारप्रकाशः	CC-BY-SA-4.0	https://sa.wikisource.org/w/api.php?action=query&meta=siteinfo&siprop=rightsinfo&format=json	1
varanasi-sanskrit	sa.wikisource.org: श्रीसिद्धान्तसुधानिधिः	CC-BY-SA-4.0	https://sa.wikisource.org/w/api.php?action=query&meta=siteinfo&siprop=rightsinfo&format=json	1
varanasi-sanskrit	sa.wikisource.org: सङ्गीतरत्नाकरः	CC-BY-SA-4.0	https://sa.wikisource.org/w/api.php?action=query&meta=siteinfo&siprop=rightsinfo&format=json	1
varanasi-sanskrit	sa.wikisource.org: सरस्वतीस्त्रोत्रं मन्त्रभाष्यम् अष्टादशजातिनिर्णयश्च	CC-BY-SA-4.0	https://sa.wikisource.org/w/api.php?action=query&meta=siteinfo&siprop=rightsinfo&format=json	1
varanasi-sanskrit	sa.wikisource.org: सर्वदर्शनसंग्रहः	CC-BY-SA-4.0	https://sa.wikisource.org/w/api.php?action=query&meta=siteinfo&siprop=rightsinfo&format=json	1
varanasi-sanskrit	sa.wikisource.org: सात्त्वतसंहिता	CC-BY-SA-4.0	https://sa.wikisource.org/w/api.php?action=query&meta=siteinfo&siprop=rightsinfo&format=json	1
varanasi-sanskrit	sa.wikisource.org: साधनदीपिका	CC-BY-SA-4.0	https://sa.wikisource.org/w/api.php?action=query&meta=siteinfo&siprop=rightsinfo&format=json	1
varanasi-sanskrit	sa.wikisource.org: सिद्धलक्ष्मीपूजापद्धतिः	CC-BY-SA-4.0	https://sa.wikisource.org/w/api.php?action=query&meta=siteinfo&siprop=rightsinfo&format=json	1
varanasi-sanskrit	sa.wikisource.org: सिद्धसिद्धान्तपद्धतिः	CC-BY-SA-4.0	https://sa.wikisource.org/w/api.php?action=query&meta=siteinfo&siprop=rightsinfo&format=json	1
varanasi-sanskrit	sa.wikisource.org: सिद्धान्तलेशसङ्ग्रहः 	CC-BY-SA-4.0	https://sa.wikisource.org/w/api.php?action=query&meta=siteinfo&siprop=rightsinfo&format=json	1
varanasi-sanskrit	sa.wikisource.org: सुकविहृदयानन्दिनी	CC-BY-SA-4.0	https://sa.wikisource.org/w/api.php?action=query&meta=siteinfo&siprop=rightsinfo&format=json	1
varanasi-sanskrit	sa.wikisource.org: सुश्रुतसंहिता	CC-BY-SA-4.0	https://sa.wikisource.org/w/api.php?action=query&meta=siteinfo&siprop=rightsinfo&format=json	1
varanasi-sanskrit	sa.wikisource.org: सूत्रार्थरत्नावली	CC-BY-SA-4.0	https://sa.wikisource.org/w/api.php?action=query&meta=siteinfo&siprop=rightsinfo&format=json	1
varanasi-sanskrit	sa.wikisource.org: स्कन्दपुराणम्	CC-BY-SA-4.0	https://sa.wikisource.org/w/api.php?action=query&meta=siteinfo&siprop=rightsinfo&format=json	1
varanasi-sanskrit	sa.wikisource.org: स्वातन्त्र्यदीपिका (सटीका)	CC-BY-SA-4.0	https://sa.wikisource.org/w/api.php?action=query&meta=siteinfo&siprop=rightsinfo&format=json	1
varanasi-sanskrit	sa.wikisource.org: हठरत्नावली	CC-BY-SA-4.0	https://sa.wikisource.org/w/api.php?action=query&meta=siteinfo&siprop=rightsinfo&format=json	1
varanasi-sanskrit	sa.wikisource.org: हर्षचरितम्	CC-BY-SA-4.0	https://sa.wikisource.org/w/api.php?action=query&meta=siteinfo&siprop=rightsinfo&format=json	1
massachusett	Internet Archive: algonquin-1685-eliot-indian-bible	public domain	https://archive.org/details/algonquin-1685-eliot-indian-bible	17
massachusett	Internet Archive: confessionoffait01refo	public domain	https://archive.org/details/confessionoffait01refo	17
massachusett	Internet Archive: epistletochristi00math	public domain	https://archive.org/details/epistletochristi00math	5
massachusett	Internet Archive: indianprimeror00elio	public domain	https://archive.org/details/indianprimeror00elio	17
massachusett	Internet Archive: manitowompaepoma00bayl	public domain	https://archive.org/details/manitowompaepoma00bayl	45
massachusett	Internet Archive: massachusetpsalt02elio	public domain	https://archive.org/details/massachusetpsalt02elio	16
massachusett	Internet Archive: sampwutteahaequi00shep	public domain	https://archive.org/details/sampwutteahaequi00shep	16
massachusett	Internet Archive: wunnamptamoesamp0000raws	public domain	https://archive.org/details/wunnamptamoesamp0000raws	17
anglo-norman	BFM 2022 (Base de francais medieval), ENS de Lyon / IHRIM	Licence Ouverte Etalab 2.0	http://txm-bfm.huma-num.fr/txm/catalog/AlexisRaM (Droits: 'Corps de texte : Domaine public, licence Etalab'); CGU art.5 http://txm-bfm.huma-num.fr/txm/html/CGU.html; Nakala 10.34847/nkl.7bbe37x6 licence field etalab-2.0	2
anglo-norman	BFM 2022 (Base de francais medieval), ENS de Lyon / IHRIM	Licence Ouverte Etalab 2.0	http://txm-bfm.huma-num.fr/txm/catalog/BrutCist (Droits: 'Corps de texte : Domaine public, licence Etalab'); CGU art.5 http://txm-bfm.huma-num.fr/txm/html/CGU.html; Nakala 10.34847/nkl.fadcnf3b licence field etalab-2.0	4
anglo-norman	BFM 2022 (Base de francais medieval), ENS de Lyon / IHRIM	Licence Ouverte Etalab 2.0	http://txm-bfm.huma-num.fr/txm/catalog/DescrEngl (Droits: 'Corps de texte : Domaine public, licence Etalab'); CGU art.5 http://txm-bfm.huma-num.fr/txm/html/CGU.html; Nakala 10.34847/nkl.2b0fek68 licence field etalab-2.0	4
anglo-norman	BFM 2022 (Base de francais medieval), ENS de Lyon / IHRIM	Licence Ouverte Etalab 2.0	http://txm-bfm.huma-num.fr/txm/catalog/Elucidaireiii (Droits: 'Corps de texte : Domaine public, licence Etalab'); CGU art.5 http://txm-bfm.huma-num.fr/txm/html/CGU.html; Nakala 10.34847/nkl.c3a89n13 licence field etalab-2.0	5
anglo-norman	BFM 2022 (Base de francais medieval), ENS de Lyon / IHRIM	Licence Ouverte Etalab 2.0	http://txm-bfm.huma-num.fr/txm/catalog/Lapidal (Droits: 'Corps de texte : Domaine public, licence Etalab'); CGU art.5 http://txm-bfm.huma-num.fr/txm/html/CGU.html; Nakala 10.34847/nkl.f4fby86r licence field etalab-2.0	5
anglo-norman	BFM 2022 (Base de francais medieval), ENS de Lyon / IHRIM	Licence Ouverte Etalab 2.0	http://txm-bfm.huma-num.fr/txm/catalog/OrnDamesR (Droits: 'Corps de texte : Domaine public, licence Etalab'); CGU art.5 http://txm-bfm.huma-num.fr/txm/html/CGU.html; Nakala 10.34847/nkl.d266x082 licence field etalab-2.0	5
anglo-norman	BFM 2022 (Base de francais medieval), ENS de Lyon / IHRIM	Licence Ouverte Etalab 2.0	http://txm-bfm.huma-num.fr/txm/catalog/ProvSerlo (Droits: 'Corps de texte : Domaine public, licence Etalab'); CGU art.5 http://txm-bfm.huma-num.fr/txm/html/CGU.html; Nakala 10.34847/nkl.c9c81ul5 licence field etalab-2.0	2
anglo-norman	BFM 2022 (Base de francais medieval), ENS de Lyon / IHRIM	Licence Ouverte Etalab 2.0	http://txm-bfm.huma-num.fr/txm/catalog/PsArundP (Droits: 'Corps de texte : Domaine public, licence Etalab'); CGU art.5 http://txm-bfm.huma-num.fr/txm/html/CGU.html; Nakala 10.34847/nkl.e6e46754 licence field etalab-2.0	5
anglo-norman	BFM 2022 (Base de francais medieval), ENS de Lyon / IHRIM	Licence Ouverte Etalab 2.0	http://txm-bfm.huma-num.fr/txm/catalog/PsOrne (Droits: 'Corps de texte : Domaine public, licence Etalab'); CGU art.5 http://txm-bfm.huma-num.fr/txm/html/CGU.html; Nakala 10.34847/nkl.0abavpd9 licence field etalab-2.0	2
anglo-norman	BFM 2022 (Base de francais medieval), ENS de Lyon / IHRIM	Licence Ouverte Etalab 2.0	http://txm-bfm.huma-num.fr/txm/catalog/RecCoulTitH (Droits: 'Corps de texte : Domaine public, licence Etalab'); CGU art.5 http://txm-bfm.huma-num.fr/txm/html/CGU.html; Nakala 10.34847/nkl.d17cr7tc licence field etalab-2.0	1
anglo-norman	BFM 2022 (Base de francais medieval), ENS de Lyon / IHRIM	Licence Ouverte Etalab 2.0	http://txm-bfm.huma-num.fr/txm/catalog/RecMedJute (Droits: 'Corps de texte : Domaine public, licence Etalab'); CGU art.5 http://txm-bfm.huma-num.fr/txm/html/CGU.html; Nakala 10.34847/nkl.b8f4my0k licence field etalab-2.0	5
anglo-norman	BFM 2022 (Base de francais medieval), ENS de Lyon / IHRIM	Licence Ouverte Etalab 2.0	http://txm-bfm.huma-num.fr/txm/catalog/becket (Droits: 'Corps de texte : Domaine public, licence Etalab'); CGU art.5 http://txm-bfm.huma-num.fr/txm/html/CGU.html; Nakala 10.34847/nkl.cd5dio5e licence field etalab-2.0	2
anglo-norman	BFM 2022 (Base de francais medieval), ENS de Lyon / IHRIM	Licence Ouverte Etalab 2.0	http://txm-bfm.huma-num.fr/txm/catalog/brut2 (Droits: 'Corps de texte : Domaine public, licence Etalab'); CGU art.5 http://txm-bfm.huma-num.fr/txm/html/CGU.html; Nakala 10.34847/nkl.2f8f9g8w licence field etalab-2.0	5
anglo-norman	BFM 2022 (Base de francais medieval), ENS de Lyon / IHRIM	Licence Ouverte Etalab 2.0	http://txm-bfm.huma-num.fr/txm/catalog/cambps (Droits: 'Corps de texte : Domaine public, licence Etalab'); CGU art.5 http://txm-bfm.huma-num.fr/txm/html/CGU.html; Nakala 10.34847/nkl.2bfd2370 licence field etalab-2.0	4
anglo-norman	BFM 2022 (Base de francais medieval), ENS de Lyon / IHRIM	Licence Ouverte Etalab 2.0	http://txm-bfm.huma-num.fr/txm/catalog/comput (Droits: 'Corps de texte : Domaine public, licence Etalab'); CGU art.5 http://txm-bfm.huma-num.fr/txm/html/CGU.html; Nakala 10.34847/nkl.fcdfas7p licence field etalab-2.0	5
anglo-norman	BFM 2022 (Base de francais medieval), ENS de Lyon / IHRIM	Licence Ouverte Etalab 2.0	http://txm-bfm.huma-num.fr/txm/catalog/desire (Droits: 'Corps de texte : Domaine public, licence Etalab'); CGU art.5 http://txm-bfm.huma-num.fr/txm/html/CGU.html; Nakala 10.34847/nkl.f997i2cw licence field etalab-2.0	2
anglo-norman	BFM 2022 (Base de francais medieval), ENS de Lyon / IHRIM	Licence Ouverte Etalab 2.0	http://txm-bfm.huma-num.fr/txm/catalog/edconfcambr (Droits: 'Corps de texte : Domaine public, licence Etalab'); CGU art.5 http://txm-bfm.huma-num.fr/txm/html/CGU.html; Nakala 10.34847/nkl.0c18j959 licence field etalab-2.0	5
anglo-norman	BFM 2022 (Base de francais medieval), ENS de Lyon / IHRIM	Licence Ouverte Etalab 2.0	http://txm-bfm.huma-num.fr/txm/catalog/fouke (Droits: 'Corps de texte : Domaine public, licence Etalab'); CGU art.5 http://txm-bfm.huma-num.fr/txm/html/CGU.html; Nakala 10.34847/nkl.19bbm590 licence field etalab-2.0	5
anglo-norman	BFM 2022 (Base de francais medieval), ENS de Lyon / IHRIM	Licence Ouverte Etalab 2.0	http://txm-bfm.huma-num.fr/txm/catalog/gormont (Droits: 'Corps de texte : Domaine public, licence Etalab'); CGU art.5 http://txm-bfm.huma-num.fr/txm/html/CGU.html; Nakala 10.34847/nkl.6a8d0n5f licence field etalab-2.0	2
anglo-norman	BFM 2022 (Base de francais medieval), ENS de Lyon / IHRIM	Licence Ouverte Etalab 2.0	http://txm-bfm.huma-num.fr/txm/catalog/guill1 (Droits: 'Corps de texte : Domaine public, licence Etalab'); CGU art.5 http://txm-bfm.huma-num.fr/txm/html/CGU.html; Nakala 10.34847/nkl.eda527iv licence field etalab-2.0	5
anglo-norman	BFM 2022 (Base de francais medieval), ENS de Lyon / IHRIM	Licence Ouverte Etalab 2.0	http://txm-bfm.huma-num.fr/txm/catalog/leiswillelm (Droits: 'Corps de texte : Domaine public, licence Etalab'); CGU art.5 http://txm-bfm.huma-num.fr/txm/html/CGU.html; Nakala 10.34847/nkl.76a1nvhk licence field etalab-2.0	5
anglo-norman	BFM 2022 (Base de francais medieval), ENS de Lyon / IHRIM	Licence Ouverte Etalab 2.0	http://txm-bfm.huma-num.fr/txm/catalog/oxfps (Droits: 'Corps de texte : Domaine public, licence Etalab'); CGU art.5 http://txm-bfm.huma-num.fr/txm/html/CGU.html; Nakala 10.34847/nkl.cec351oi licence field etalab-2.0	5
anglo-norman	BFM 2022 (Base de francais medieval), ENS de Lyon / IHRIM	Licence Ouverte Etalab 2.0	http://txm-bfm.huma-num.fr/txm/catalog/roland (Droits: 'Corps de texte : Domaine public, licence Etalab'); CGU art.5 http://txm-bfm.huma-num.fr/txm/html/CGU.html; Nakala 10.34847/nkl.289fbm08 licence field etalab-2.0	2
anglo-norman	Internet Archive, 10036876bsb	Public Domain (edition published 1841, pre-1929)	https://archive.org/details/10036876bsb	5
anglo-norman	Internet Archive, anglonormanmetri00gaim	Public Domain (edition published 1850, pre-1929)	https://archive.org/details/anglonormanmetri00gaim	3
anglo-norman	Internet Archive, b24874954	Public Domain (edition published 1902, pre-1929)	https://archive.org/details/b24874954	4
anglo-norman	Internet Archive, biographiabritan02wriguoft	Public Domain (edition published 1842, pre-1929)	https://archive.org/details/biographiabritan02wriguoft	5
anglo-norman	Internet Archive, bwb_KV-730-300	Public Domain (edition published 1926, pre-1929)	https://archive.org/details/bwb_KV-730-300	5
anglo-norman	Internet Archive, bwb_KV-746-689	Public Domain (edition published 1915, pre-1929)	https://archive.org/details/bwb_KV-746-689	5
anglo-norman	Internet Archive, bwb_KV-746-700	Public Domain (edition published 1914, pre-1929)	https://archive.org/details/bwb_KV-746-700	5
anglo-norman	Internet Archive, huederotelandeprotheselaus	Public Domain (edition published 1924, pre-1929)	https://archive.org/details/huederotelandeprotheselaus	5
anglo-norman	Internet Archive, lemysteredadaman0000unse	Public Domain (edition published 1918, pre-1929)	https://archive.org/details/lemysteredadaman0000unse	5
anglo-norman	Internet Archive, p2munimentagildh02rile	Public Domain (edition published 1859, pre-1929)	https://archive.org/details/p2munimentagildh02rile	1
anglo-norman	Internet Archive, publicationssel00socigoog	Public Domain (edition published 1887, pre-1929)	https://archive.org/details/publicationssel00socigoog	5
anglo-norman	Internet Archive, selectcasesbefo00grea	Public Domain (edition published 1918, pre-1929)	https://archive.org/details/selectcasesbefo00grea	4
anglo-norman	Internet Archive, tristanrecueild06thomgoog	Public Domain (edition published 1835, pre-1929)	https://archive.org/details/tristanrecueild06thomgoog	1
anglo-norman	Internet Archive, viedeseintaubanp00alba	Public Domain (edition published 1876, pre-1929)	https://archive.org/details/viedeseintaubanp00alba	5
anglo-norman	Internet Archive, yearbooksofedwar18grea	Public Domain (edition published 1920, pre-1929)	https://archive.org/details/yearbooksofedwar18grea	5
valois-french	BFM 2022 (Base de francais medieval), ENS de Lyon / IHRIM	Licence Ouverte Etalab 2.0	http://txm-bfm.huma-num.fr/txm/catalog/Berin2 (Droits: 'Corps de texte : Domaine public, licence Etalab'); CGU art.5 http://txm-bfm.huma-num.fr/txm/html/CGU.html; Nakala 10.34847/nkl.d378a4l2 licence field etalab-2.0	3
valois-french	BFM 2022 (Base de francais medieval), ENS de Lyon / IHRIM	Licence Ouverte Etalab 2.0	http://txm-bfm.huma-num.fr/txm/catalog/CoutHector1 (Droits: 'Corps de texte : Domaine public, licence Etalab'); CGU art.5 http://txm-bfm.huma-num.fr/txm/html/CGU.html; Nakala 10.34847/nkl.4ea96xnk licence field etalab-2.0	3
valois-french	BFM 2022 (Base de francais medieval), ENS de Lyon / IHRIM	Licence Ouverte Etalab 2.0	http://txm-bfm.huma-num.fr/txm/catalog/CoutRoum (Droits: 'Corps de texte : Domaine public, licence Etalab'); CGU art.5 http://txm-bfm.huma-num.fr/txm/html/CGU.html; Nakala 10.34847/nkl.1dc28p00 licence field etalab-2.0	3
valois-french	BFM 2022 (Base de francais medieval), ENS de Lyon / IHRIM	Licence Ouverte Etalab 2.0	http://txm-bfm.huma-num.fr/txm/catalog/GuillMachFortuneH (Droits: 'Corps de texte : Domaine public, licence Etalab'); CGU art.5 http://txm-bfm.huma-num.fr/txm/html/CGU.html; Nakala 10.34847/nkl.9cafuiw9 licence field etalab-2.0	3
valois-french	BFM 2022 (Base de francais medieval), ENS de Lyon / IHRIM	Licence Ouverte Etalab 2.0	http://txm-bfm.huma-num.fr/txm/catalog/GuillMachLyonH (Droits: 'Corps de texte : Domaine public, licence Etalab'); CGU art.5 http://txm-bfm.huma-num.fr/txm/html/CGU.html; Nakala 10.34847/nkl.f4bf60v0 licence field etalab-2.0	3
valois-french	BFM 2022 (Base de francais medieval), ENS de Lyon / IHRIM	Licence Ouverte Etalab 2.0	http://txm-bfm.huma-num.fr/txm/catalog/QJoyesKa (Droits: 'Corps de texte : Domaine public, licence Etalab'); CGU art.5 http://txm-bfm.huma-num.fr/txm/html/CGU.html; Nakala 10.34847/nkl.1d7av3je licence field etalab-2.0	3
valois-french	BFM 2022 (Base de francais medieval), ENS de Lyon / IHRIM	Licence Ouverte Etalab 2.0	http://txm-bfm.huma-num.fr/txm/catalog/SBath2 (Droits: 'Corps de texte : Domaine public, licence Etalab'); CGU art.5 http://txm-bfm.huma-num.fr/txm/html/CGU.html; Nakala 10.34847/nkl.7af4r7nv licence field etalab-2.0	3
valois-french	BFM 2022 (Base de francais medieval), ENS de Lyon / IHRIM	Licence Ouverte Etalab 2.0	http://txm-bfm.huma-num.fr/txm/catalog/SBath3 (Droits: 'Corps de texte : Domaine public, licence Etalab'); CGU art.5 http://txm-bfm.huma-num.fr/txm/html/CGU.html; Nakala 10.34847/nkl.eedfj70s licence field etalab-2.0	3
valois-french	BFM 2022 (Base de francais medieval), ENS de Lyon / IHRIM	Licence Ouverte Etalab 2.0	http://txm-bfm.huma-num.fr/txm/catalog/SGenPr2 (Droits: 'Corps de texte : Domaine public, licence Etalab'); CGU art.5 http://txm-bfm.huma-num.fr/txm/html/CGU.html; Nakala 10.34847/nkl.afe49t0o licence field etalab-2.0	3
valois-french	BFM 2022 (Base de francais medieval), ENS de Lyon / IHRIM	Licence Ouverte Etalab 2.0	http://txm-bfm.huma-num.fr/txm/catalog/SGenPr4 (Droits: 'Corps de texte : Domaine public, licence Etalab'); CGU art.5 http://txm-bfm.huma-num.fr/txm/html/CGU.html; Nakala 10.34847/nkl.f87ara6z licence field etalab-2.0	3
valois-french	BFM 2022 (Base de francais medieval), ENS de Lyon / IHRIM	Licence Ouverte Etalab 2.0	http://txm-bfm.huma-num.fr/txm/catalog/SGenPr5 (Droits: 'Corps de texte : Domaine public, licence Etalab'); CGU art.5 http://txm-bfm.huma-num.fr/txm/html/CGU.html; Nakala 10.34847/nkl.9aadsffn licence field etalab-2.0	3
valois-french	BFM 2022 (Base de francais medieval), ENS de Lyon / IHRIM	Licence Ouverte Etalab 2.0	http://txm-bfm.huma-num.fr/txm/catalog/anglure (Droits: 'Corps de texte : Domaine public, licence Etalab'); CGU art.5 http://txm-bfm.huma-num.fr/txm/html/CGU.html; Nakala 10.34847/nkl.bbfc1k15 licence field etalab-2.0	3
valois-french	BFM 2022 (Base de francais medieval), ENS de Lyon / IHRIM	Licence Ouverte Etalab 2.0	http://txm-bfm.huma-num.fr/txm/catalog/archier (Droits: 'Corps de texte : Domaine public, licence Etalab'); CGU art.5 http://txm-bfm.huma-num.fr/txm/html/CGU.html; Nakala 10.34847/nkl.0c5e8op2 licence field etalab-2.0	3
valois-french	BFM 2022 (Base de francais medieval), ENS de Lyon / IHRIM	Licence Ouverte Etalab 2.0	http://txm-bfm.huma-num.fr/txm/catalog/artois (Droits: 'Corps de texte : Domaine public, licence Etalab'); CGU art.5 http://txm-bfm.huma-num.fr/txm/html/CGU.html; Nakala 10.34847/nkl.9a0c078s licence field etalab-2.0	3
valois-french	BFM 2022 (Base de francais medieval), ENS de Lyon / IHRIM	Licence Ouverte Etalab 2.0	http://txm-bfm.huma-num.fr/txm/catalog/baye2 (Droits: 'Corps de texte : Domaine public, licence Etalab'); CGU art.5 http://txm-bfm.huma-num.fr/txm/html/CGU.html; Nakala 10.34847/nkl.c6ae1426 licence field etalab-2.0	3
valois-french	BFM 2022 (Base de francais medieval), ENS de Lyon / IHRIM	Licence Ouverte Etalab 2.0	http://txm-bfm.huma-num.fr/txm/catalog/cdo_ballades (Droits: 'Corps de texte : Domaine public, licence Etalab'); CGU art.5 http://txm-bfm.huma-num.fr/txm/html/CGU.html; Nakala 10.34847/nkl.dcb60bl8 licence field etalab-2.0	3
valois-french	BFM 2022 (Base de francais medieval), ENS de Lyon / IHRIM	Licence Ouverte Etalab 2.0	http://txm-bfm.huma-num.fr/txm/catalog/cdo_complaintes (Droits: 'Corps de texte : Domaine public, licence Etalab'); CGU art.5 http://txm-bfm.huma-num.fr/txm/html/CGU.html; Nakala 10.34847/nkl.c2868c3y licence field etalab-2.0	1
valois-french	BFM 2022 (Base de francais medieval), ENS de Lyon / IHRIM	Licence Ouverte Etalab 2.0	http://txm-bfm.huma-num.fr/txm/catalog/cdo_retenue (Droits: 'Corps de texte : Domaine public, licence Etalab'); CGU art.5 http://txm-bfm.huma-num.fr/txm/html/CGU.html; Nakala 10.34847/nkl.84b16zc5 licence field etalab-2.0	3
valois-french	BFM 2022 (Base de francais medieval), ENS de Lyon / IHRIM	Licence Ouverte Etalab 2.0	http://txm-bfm.huma-num.fr/txm/catalog/cdo_rondeaux (Droits: 'Corps de texte : Domaine public, licence Etalab'); CGU art.5 http://txm-bfm.huma-num.fr/txm/html/CGU.html; Nakala 10.34847/nkl.7c3a52x8 licence field etalab-2.0	3
valois-french	BFM 2022 (Base de francais medieval), ENS de Lyon / IHRIM	Licence Ouverte Etalab 2.0	http://txm-bfm.huma-num.fr/txm/catalog/commyn2 (Droits: 'Corps de texte : Domaine public, licence Etalab'); CGU art.5 http://txm-bfm.huma-num.fr/txm/html/CGU.html; Nakala 10.34847/nkl.e0cbk77i licence field etalab-2.0	3
valois-french	BFM 2022 (Base de francais medieval), ENS de Lyon / IHRIM	Licence Ouverte Etalab 2.0	http://txm-bfm.huma-num.fr/txm/catalog/commyn3 (Droits: 'Corps de texte : Domaine public, licence Etalab'); CGU art.5 http://txm-bfm.huma-num.fr/txm/html/CGU.html; Nakala 10.34847/nkl.abfaa9c1 licence field etalab-2.0	3
valois-french	BFM 2022 (Base de francais medieval), ENS de Lyon / IHRIM	Licence Ouverte Etalab 2.0	http://txm-bfm.huma-num.fr/txm/catalog/commyn5 (Droits: 'Corps de texte : Domaine public, licence Etalab'); CGU art.5 http://txm-bfm.huma-num.fr/txm/html/CGU.html; Nakala 10.34847/nkl.56dfrgf2 licence field etalab-2.0	3
valois-french	BFM 2022 (Base de francais medieval), ENS de Lyon / IHRIM	Licence Ouverte Etalab 2.0	http://txm-bfm.huma-num.fr/txm/catalog/commyn6 (Droits: 'Corps de texte : Domaine public, licence Etalab'); CGU art.5 http://txm-bfm.huma-num.fr/txm/html/CGU.html; Nakala 10.34847/nkl.2bffh5kx licence field etalab-2.0	3
valois-french	BFM 2022 (Base de francais medieval), ENS de Lyon / IHRIM	Licence Ouverte Etalab 2.0	http://txm-bfm.huma-num.fr/txm/catalog/commyn7 (Droits: 'Corps de texte : Domaine public, licence Etalab'); CGU art.5 http://txm-bfm.huma-num.fr/txm/html/CGU.html; Nakala 10.34847/nkl.b31bd3oj licence field etalab-2.0	1
valois-french	BFM 2022 (Base de francais medieval), ENS de Lyon / IHRIM	Licence Ouverte Etalab 2.0	http://txm-bfm.huma-num.fr/txm/catalog/coutpoit_a (Droits: 'Corps de texte : Domaine public, licence Etalab'); CGU art.5 http://txm-bfm.huma-num.fr/txm/html/CGU.html; Nakala 10.34847/nkl.1d7di913 licence field etalab-2.0	3
valois-french	BFM 2022 (Base de francais medieval), ENS de Lyon / IHRIM	Licence Ouverte Etalab 2.0	http://txm-bfm.huma-num.fr/txm/catalog/daudin (Droits: 'Corps de texte : Domaine public, licence Etalab'); CGU art.5 http://txm-bfm.huma-num.fr/txm/html/CGU.html; Nakala 10.34847/nkl.7e6327z2 licence field etalab-2.0	3
valois-french	BFM 2022 (Base de francais medieval), ENS de Lyon / IHRIM	Licence Ouverte Etalab 2.0	http://txm-bfm.huma-num.fr/txm/catalog/gerson_trinite (Droits: 'Corps de texte : Domaine public, licence Etalab'); CGU art.5 http://txm-bfm.huma-num.fr/txm/html/CGU.html; Nakala 10.34847/nkl.ab1ew0z7 licence field etalab-2.0	3
valois-french	BFM 2022 (Base de francais medieval), ENS de Lyon / IHRIM	Licence Ouverte Etalab 2.0	http://txm-bfm.huma-num.fr/txm/catalog/grchron_j2c5 (Droits: 'Corps de texte : Domaine public, licence Etalab'); CGU art.5 http://txm-bfm.huma-num.fr/txm/html/CGU.html; Nakala 10.34847/nkl.3cc47izc licence field etalab-2.0	3
valois-french	BFM 2022 (Base de francais medieval), ENS de Lyon / IHRIM	Licence Ouverte Etalab 2.0	http://txm-bfm.huma-num.fr/txm/catalog/griseld (Droits: 'Corps de texte : Domaine public, licence Etalab'); CGU art.5 http://txm-bfm.huma-num.fr/txm/html/CGU.html; Nakala 10.34847/nkl.110ctj52 licence field etalab-2.0	3
valois-french	BFM 2022 (Base de francais medieval), ENS de Lyon / IHRIM	Licence Ouverte Etalab 2.0	http://txm-bfm.huma-num.fr/txm/catalog/jehpar (Droits: 'Corps de texte : Domaine public, licence Etalab'); CGU art.5 http://txm-bfm.huma-num.fr/txm/html/CGU.html; Nakala 10.34847/nkl.4ec9qmgu licence field etalab-2.0	3
valois-french	BFM 2022 (Base de francais medieval), ENS de Lyon / IHRIM	Licence Ouverte Etalab 2.0	http://txm-bfm.huma-num.fr/txm/catalog/jouvencel2 (Droits: 'Corps de texte : Domaine public, licence Etalab'); CGU art.5 http://txm-bfm.huma-num.fr/txm/html/CGU.html; Nakala 10.34847/nkl.29bdm1f6 licence field etalab-2.0	3
valois-french	BFM 2022 (Base de francais medieval), ENS de Lyon / IHRIM	Licence Ouverte Etalab 2.0	http://txm-bfm.huma-num.fr/txm/catalog/louis11_215 (Droits: 'Corps de texte : Domaine public, licence Etalab'); CGU art.5 http://txm-bfm.huma-num.fr/txm/html/CGU.html; Nakala 10.34847/nkl.7c680kt9 licence field etalab-2.0	1
valois-french	BFM 2022 (Base de francais medieval), ENS de Lyon / IHRIM	Licence Ouverte Etalab 2.0	http://txm-bfm.huma-num.fr/txm/catalog/louis11_234 (Droits: 'Corps de texte : Domaine public, licence Etalab'); CGU art.5 http://txm-bfm.huma-num.fr/txm/html/CGU.html; Nakala 10.34847/nkl.b5db83g8 licence field etalab-2.0	3
valois-french	BFM 2022 (Base de francais medieval), ENS de Lyon / IHRIM	Licence Ouverte Etalab 2.0	http://txm-bfm.huma-num.fr/txm/catalog/louis11_248 (Droits: 'Corps de texte : Domaine public, licence Etalab'); CGU art.5 http://txm-bfm.huma-num.fr/txm/html/CGU.html; Nakala 10.34847/nkl.d5e4a0m1 licence field etalab-2.0	3
valois-french	BFM 2022 (Base de francais medieval), ENS de Lyon / IHRIM	Licence Ouverte Etalab 2.0	http://txm-bfm.huma-num.fr/txm/catalog/melusine (Droits: 'Corps de texte : Domaine public, licence Etalab'); CGU art.5 http://txm-bfm.huma-num.fr/txm/html/CGU.html; Nakala 10.34847/nkl.34af7q17 licence field etalab-2.0	3
valois-french	BFM 2022 (Base de francais medieval), ENS de Lyon / IHRIM	Licence Ouverte Etalab 2.0	http://txm-bfm.huma-num.fr/txm/catalog/menagier (Droits: 'Corps de texte : Domaine public, licence Etalab'); CGU art.5 http://txm-bfm.huma-num.fr/txm/html/CGU.html; Nakala 10.34847/nkl.7015yg08 licence field etalab-2.0	3
valois-french	BFM 2022 (Base de francais medieval), ENS de Lyon / IHRIM	Licence Ouverte Etalab 2.0	http://txm-bfm.huma-num.fr/txm/catalog/mirsnicjuif (Droits: 'Corps de texte : Domaine public, licence Etalab'); CGU art.5 http://txm-bfm.huma-num.fr/txm/html/CGU.html; Nakala 10.34847/nkl.422d4qq6 licence field etalab-2.0	3
valois-french	BFM 2022 (Base de francais medieval), ENS de Lyon / IHRIM	Licence Ouverte Etalab 2.0	http://txm-bfm.huma-num.fr/txm/catalog/molinet1_ch01-10 (Droits: 'Corps de texte : Domaine public, licence Etalab'); CGU art.5 http://txm-bfm.huma-num.fr/txm/html/CGU.html; Nakala 10.34847/nkl.9a81x8fq licence field etalab-2.0	3
valois-french	BFM 2022 (Base de francais medieval), ENS de Lyon / IHRIM	Licence Ouverte Etalab 2.0	http://txm-bfm.huma-num.fr/txm/catalog/monstre (Droits: 'Corps de texte : Domaine public, licence Etalab'); CGU art.5 http://txm-bfm.huma-num.fr/txm/html/CGU.html; Nakala 10.34847/nkl.53880se8 licence field etalab-2.0	3
valois-french	BFM 2022 (Base de francais medieval), ENS de Lyon / IHRIM	Licence Ouverte Etalab 2.0	http://txm-bfm.huma-num.fr/txm/catalog/pathelin (Droits: 'Corps de texte : Domaine public, licence Etalab'); CGU art.5 http://txm-bfm.huma-num.fr/txm/html/CGU.html; Nakala 10.34847/nkl.193a3o2j licence field etalab-2.0	3
valois-french	BFM 2022 (Base de francais medieval), ENS de Lyon / IHRIM	Licence Ouverte Etalab 2.0	http://txm-bfm.huma-num.fr/txm/catalog/phares (Droits: 'Corps de texte : Domaine public, licence Etalab'); CGU art.5 http://txm-bfm.huma-num.fr/txm/html/CGU.html; Nakala 10.34847/nkl.91adot44 licence field etalab-2.0	3
valois-french	BFM 2022 (Base de francais medieval), ENS de Lyon / IHRIM	Licence Ouverte Etalab 2.0	http://txm-bfm.huma-num.fr/txm/catalog/ponthus (Droits: 'Corps de texte : Domaine public, licence Etalab'); CGU art.5 http://txm-bfm.huma-num.fr/txm/html/CGU.html; Nakala 10.34847/nkl.d9df2sq4 licence field etalab-2.0	3
valois-french	BFM 2022 (Base de francais medieval), ENS de Lyon / IHRIM	Licence Ouverte Etalab 2.0	http://txm-bfm.huma-num.fr/txm/catalog/quadrilogue (Droits: 'Corps de texte : Domaine public, licence Etalab'); CGU art.5 http://txm-bfm.huma-num.fr/txm/html/CGU.html; Nakala 10.34847/nkl.cedcus2w licence field etalab-2.0	3
valois-french	BFM 2022 (Base de francais medieval), ENS de Lyon / IHRIM	Licence Ouverte Etalab 2.0	http://txm-bfm.huma-num.fr/txm/catalog/quenouilles1 (Droits: 'Corps de texte : Domaine public, licence Etalab'); CGU art.5 http://txm-bfm.huma-num.fr/txm/html/CGU.html; Nakala 10.34847/nkl.aa6b61y9 licence field etalab-2.0	3
valois-french	BFM 2022 (Base de francais medieval), ENS de Lyon / IHRIM	Licence Ouverte Etalab 2.0	http://txm-bfm.huma-num.fr/txm/catalog/regcrim1 (Droits: 'Corps de texte : Domaine public, licence Etalab'); CGU art.5 http://txm-bfm.huma-num.fr/txm/html/CGU.html; Nakala 10.34847/nkl.6b388id9 licence field etalab-2.0	3
valois-french	BFM 2022 (Base de francais medieval), ENS de Lyon / IHRIM	Licence Ouverte Etalab 2.0	http://txm-bfm.huma-num.fr/txm/catalog/regcrim2 (Droits: 'Corps de texte : Domaine public, licence Etalab'); CGU art.5 http://txm-bfm.huma-num.fr/txm/html/CGU.html; Nakala 10.34847/nkl.92630s0p licence field etalab-2.0	3
valois-french	BFM 2022 (Base de francais medieval), ENS de Lyon / IHRIM	Licence Ouverte Etalab 2.0	http://txm-bfm.huma-num.fr/txm/catalog/ressource (Droits: 'Corps de texte : Domaine public, licence Etalab'); CGU art.5 http://txm-bfm.huma-num.fr/txm/html/CGU.html; Nakala 10.34847/nkl.4c0539z6 licence field etalab-2.0	3
valois-french	BFM 2022 (Base de francais medieval), ENS de Lyon / IHRIM	Licence Ouverte Etalab 2.0	http://txm-bfm.huma-num.fr/txm/catalog/saintre (Droits: 'Corps de texte : Domaine public, licence Etalab'); CGU art.5 http://txm-bfm.huma-num.fr/txm/html/CGU.html; Nakala 10.34847/nkl.bdc8t16b licence field etalab-2.0	3
valois-french	BFM 2022 (Base de francais medieval), ENS de Lyon / IHRIM	Licence Ouverte Etalab 2.0	http://txm-bfm.huma-num.fr/txm/catalog/theologie (Droits: 'Corps de texte : Domaine public, licence Etalab'); CGU art.5 http://txm-bfm.huma-num.fr/txm/html/CGU.html; Nakala 10.34847/nkl.74d66vu0 licence field etalab-2.0	3
valois-french	BFM 2022 (Base de francais medieval), ENS de Lyon / IHRIM	Licence Ouverte Etalab 2.0	http://txm-bfm.huma-num.fr/txm/catalog/tringant (Droits: 'Corps de texte : Domaine public, licence Etalab'); CGU art.5 http://txm-bfm.huma-num.fr/txm/html/CGU.html; Nakala 10.34847/nkl.ceacjov7 licence field etalab-2.0	3
valois-french	BFM 2022 (Base de francais medieval), ENS de Lyon / IHRIM	Licence Ouverte Etalab 2.0	http://txm-bfm.huma-num.fr/txm/catalog/ursins (Droits: 'Corps de texte : Domaine public, licence Etalab'); CGU art.5 http://txm-bfm.huma-num.fr/txm/html/CGU.html; Nakala 10.34847/nkl.d4029n9w licence field etalab-2.0	3
valois-french	BFM 2022 (Base de francais medieval), ENS de Lyon / IHRIM	Licence Ouverte Etalab 2.0	http://txm-bfm.huma-num.fr/txm/catalog/villon (Droits: 'Corps de texte : Domaine public, licence Etalab'); CGU art.5 http://txm-bfm.huma-num.fr/txm/html/CGU.html; Nakala 10.34847/nkl.0032v4s0 licence field etalab-2.0	3
ohrid-slavonic	Corpus Cyrillo-Methodianum Helsingiense, via cltk/old_church_slavonic_ccmh	Public Domain Mark 1.0	https://raw.githubusercontent.com/cltk/old_church_slavonic_ccmh/master/LICENSE.md ('No Copyright ... even for commercial purposes, all without asking permission')	150
capetian-french	BFM 2022 (Base de francais medieval), ENS de Lyon / IHRIM	Licence Ouverte Etalab 2.0	http://txm-bfm.huma-num.fr/txm/catalog/BenDuc1b (Droits: 'Corps de texte : Domaine public, licence Etalab'); CGU art.5 http://txm-bfm.huma-num.fr/txm/html/CGU.html; Nakala 10.34847/nkl.4dee4d8b licence field etalab-2.0	2
capetian-french	BFM 2022 (Base de francais medieval), ENS de Lyon / IHRIM	Licence Ouverte Etalab 2.0	http://txm-bfm.huma-num.fr/txm/catalog/BlondNesle (Droits: 'Corps de texte : Domaine public, licence Etalab'); CGU art.5 http://txm-bfm.huma-num.fr/txm/html/CGU.html; Nakala 10.34847/nkl.e1733451 licence field etalab-2.0	2
capetian-french	BFM 2022 (Base de francais medieval), ENS de Lyon / IHRIM	Licence Ouverte Etalab 2.0	http://txm-bfm.huma-num.fr/txm/catalog/ChaceOisiiT (Droits: 'Corps de texte : Domaine public, licence Etalab'); CGU art.5 http://txm-bfm.huma-num.fr/txm/html/CGU.html; Nakala 10.34847/nkl.779ekp22 licence field etalab-2.0	2
capetian-french	BFM 2022 (Base de francais medieval), ENS de Lyon / IHRIM	Licence Ouverte Etalab 2.0	http://txm-bfm.huma-num.fr/txm/catalog/CharretteKu (Droits: 'Corps de texte : Domaine public, licence Etalab'); CGU art.5 http://txm-bfm.huma-num.fr/txm/html/CGU.html; Nakala 10.34847/nkl.8fbc8004 licence field etalab-2.0	2
capetian-french	BFM 2022 (Base de francais medieval), ENS de Lyon / IHRIM	Licence Ouverte Etalab 2.0	http://txm-bfm.huma-num.fr/txm/catalog/ChirAlbT (Droits: 'Corps de texte : Domaine public, licence Etalab'); CGU art.5 http://txm-bfm.huma-num.fr/txm/html/CGU.html; Nakala 10.34847/nkl.a55aoth6 licence field etalab-2.0	2
capetian-french	BFM 2022 (Base de francais medieval), ENS de Lyon / IHRIM	Licence Ouverte Etalab 2.0	http://txm-bfm.huma-num.fr/txm/catalog/ChronSMichelBo (Droits: 'Corps de texte : Domaine public, licence Etalab'); CGU art.5 http://txm-bfm.huma-num.fr/txm/html/CGU.html; Nakala 10.34847/nkl.ec7185r8 licence field etalab-2.0	2
capetian-french	BFM 2022 (Base de francais medieval), ENS de Lyon / IHRIM	Licence Ouverte Etalab 2.0	http://txm-bfm.huma-num.fr/txm/catalog/CligesKu (Droits: 'Corps de texte : Domaine public, licence Etalab'); CGU art.5 http://txm-bfm.huma-num.fr/txm/html/CGU.html; Nakala 10.34847/nkl.215df441 licence field etalab-2.0	2
capetian-french	BFM 2022 (Base de francais medieval), ENS de Lyon / IHRIM	Licence Ouverte Etalab 2.0	http://txm-bfm.huma-num.fr/txm/catalog/CommPsia1a (Droits: 'Corps de texte : Domaine public, licence Etalab'); CGU art.5 http://txm-bfm.huma-num.fr/txm/html/CGU.html; Nakala 10.34847/nkl.689ej8cd licence field etalab-2.0	2
capetian-french	BFM 2022 (Base de francais medieval), ENS de Lyon / IHRIM	Licence Ouverte Etalab 2.0	http://txm-bfm.huma-num.fr/txm/catalog/DialAme (Droits: 'Corps de texte : Domaine public, licence Etalab'); CGU art.5 http://txm-bfm.huma-num.fr/txm/html/CGU.html; Nakala 10.34847/nkl.2eb455u4 licence field etalab-2.0	2
capetian-french	BFM 2022 (Base de francais medieval), ENS de Lyon / IHRIM	Licence Ouverte Etalab 2.0	http://txm-bfm.huma-num.fr/txm/catalog/DialGreg1 (Droits: 'Corps de texte : Domaine public, licence Etalab'); CGU art.5 http://txm-bfm.huma-num.fr/txm/html/CGU.html; Nakala 10.34847/nkl.ab5bx81c licence field etalab-2.0	2
capetian-french	BFM 2022 (Base de francais medieval), ENS de Lyon / IHRIM	Licence Ouverte Etalab 2.0	http://txm-bfm.huma-num.fr/txm/catalog/DialGreg2 (Droits: 'Corps de texte : Domaine public, licence Etalab'); CGU art.5 http://txm-bfm.huma-num.fr/txm/html/CGU.html; Nakala 10.34847/nkl.dd17p18k licence field etalab-2.0	1
capetian-french	BFM 2022 (Base de francais medieval), ENS de Lyon / IHRIM	Licence Ouverte Etalab 2.0	http://txm-bfm.huma-num.fr/txm/catalog/ErecKu (Droits: 'Corps de texte : Domaine public, licence Etalab'); CGU art.5 http://txm-bfm.huma-num.fr/txm/html/CGU.html; Nakala 10.34847/nkl.07af5m77 licence field etalab-2.0	2
capetian-french	BFM 2022 (Base de francais medieval), ENS de Lyon / IHRIM	Licence Ouverte Etalab 2.0	http://txm-bfm.huma-num.fr/txm/catalog/ImMondePrK (Droits: 'Corps de texte : Domaine public, licence Etalab'); CGU art.5 http://txm-bfm.huma-num.fr/txm/html/CGU.html; Nakala 10.34847/nkl.a95a31c0 licence field etalab-2.0	2
capetian-french	BFM 2022 (Base de francais medieval), ENS de Lyon / IHRIM	Licence Ouverte Etalab 2.0	http://txm-bfm.huma-num.fr/txm/catalog/JAntInv (Droits: 'Corps de texte : Domaine public, licence Etalab'); CGU art.5 http://txm-bfm.huma-num.fr/txm/html/CGU.html; Nakala 10.34847/nkl.28eb61ym licence field etalab-2.0	2
capetian-french	BFM 2022 (Base de francais medieval), ENS de Lyon / IHRIM	Licence Ouverte Etalab 2.0	http://txm-bfm.huma-num.fr/txm/catalog/JAntRect (Droits: 'Corps de texte : Domaine public, licence Etalab'); CGU art.5 http://txm-bfm.huma-num.fr/txm/html/CGU.html; Nakala 10.34847/nkl.abb18883 licence field etalab-2.0	2
capetian-french	BFM 2022 (Base de francais medieval), ENS de Lyon / IHRIM	Licence Ouverte Etalab 2.0	http://txm-bfm.huma-num.fr/txm/catalog/Juise (Droits: 'Corps de texte : Domaine public, licence Etalab'); CGU art.5 http://txm-bfm.huma-num.fr/txm/html/CGU.html; Nakala 10.34847/nkl.37b089er licence field etalab-2.0	2
capetian-french	BFM 2022 (Base de francais medieval), ENS de Lyon / IHRIM	Licence Ouverte Etalab 2.0	http://txm-bfm.huma-num.fr/txm/catalog/MirNDChartr (Droits: 'Corps de texte : Domaine public, licence Etalab'); CGU art.5 http://txm-bfm.huma-num.fr/txm/html/CGU.html; Nakala 10.34847/nkl.aa50v9q6 licence field etalab-2.0	2
capetian-french	BFM 2022 (Base de francais medieval), ENS de Lyon / IHRIM	Licence Ouverte Etalab 2.0	http://txm-bfm.huma-num.fr/txm/catalog/PercevalKu (Droits: 'Corps de texte : Domaine public, licence Etalab'); CGU art.5 http://txm-bfm.huma-num.fr/txm/html/CGU.html; Nakala 10.34847/nkl.558cd5pt licence field etalab-2.0	2
capetian-french	BFM 2022 (Base de francais medieval), ENS de Lyon / IHRIM	Licence Ouverte Etalab 2.0	http://txm-bfm.huma-num.fr/txm/catalog/SBath1 (Droits: 'Corps de texte : Domaine public, licence Etalab'); CGU art.5 http://txm-bfm.huma-num.fr/txm/html/CGU.html; Nakala 10.34847/nkl.7589rtfi licence field etalab-2.0	2
capetian-french	BFM 2022 (Base de francais medieval), ENS de Lyon / IHRIM	Licence Ouverte Etalab 2.0	http://txm-bfm.huma-num.fr/txm/catalog/SBath4 (Droits: 'Corps de texte : Domaine public, licence Etalab'); CGU art.5 http://txm-bfm.huma-num.fr/txm/html/CGU.html; Nakala 10.34847/nkl.b535yzo2 licence field etalab-2.0	2
capetian-french	BFM 2022 (Base de francais medieval), ENS de Lyon / IHRIM	Licence Ouverte Etalab 2.0	http://txm-bfm.huma-num.fr/txm/catalog/SBernAn (Droits: 'Corps de texte : Domaine public, licence Etalab'); CGU art.5 http://txm-bfm.huma-num.fr/txm/html/CGU.html; Nakala 10.34847/nkl.f0df59um licence field etalab-2.0	2
capetian-french	BFM 2022 (Base de francais medieval), ENS de Lyon / IHRIM	Licence Ouverte Etalab 2.0	http://txm-bfm.huma-num.fr/txm/catalog/SBernCant (Droits: 'Corps de texte : Domaine public, licence Etalab'); CGU art.5 http://txm-bfm.huma-num.fr/txm/html/CGU.html; Nakala 10.34847/nkl.afa2z894 licence field etalab-2.0	2
capetian-french	BFM 2022 (Base de francais medieval), ENS de Lyon / IHRIM	Licence Ouverte Etalab 2.0	http://txm-bfm.huma-num.fr/txm/catalog/SEustPr1 (Droits: 'Corps de texte : Domaine public, licence Etalab'); CGU art.5 http://txm-bfm.huma-num.fr/txm/html/CGU.html; Nakala 10.34847/nkl.1e41e350 licence field etalab-2.0	2
capetian-french	BFM 2022 (Base de francais medieval), ENS de Lyon / IHRIM	Licence Ouverte Etalab 2.0	http://txm-bfm.huma-num.fr/txm/catalog/SGenPr3 (Droits: 'Corps de texte : Domaine public, licence Etalab'); CGU art.5 http://txm-bfm.huma-num.fr/txm/html/CGU.html; Nakala 10.34847/nkl.9bc22j5d licence field etalab-2.0	2
capetian-french	BFM 2022 (Base de francais medieval), ENS de Lyon / IHRIM	Licence Ouverte Etalab 2.0	http://txm-bfm.huma-num.fr/txm/catalog/SLambert (Droits: 'Corps de texte : Domaine public, licence Etalab'); CGU art.5 http://txm-bfm.huma-num.fr/txm/html/CGU.html; Nakala 10.34847/nkl.8b237bwt licence field etalab-2.0	2
capetian-french	BFM 2022 (Base de francais medieval), ENS de Lyon / IHRIM	Licence Ouverte Etalab 2.0	http://txm-bfm.huma-num.fr/txm/catalog/SermMadn (Droits: 'Corps de texte : Domaine public, licence Etalab'); CGU art.5 http://txm-bfm.huma-num.fr/txm/html/CGU.html; Nakala 10.34847/nkl.ba45x88s licence field etalab-2.0	2
capetian-french	BFM 2022 (Base de francais medieval), ENS de Lyon / IHRIM	Licence Ouverte Etalab 2.0	http://txm-bfm.huma-num.fr/txm/catalog/YvainKu (Droits: 'Corps de texte : Domaine public, licence Etalab'); CGU art.5 http://txm-bfm.huma-num.fr/txm/html/CGU.html; Nakala 10.34847/nkl.dff6u8rs licence field etalab-2.0	2
capetian-french	BFM 2022 (Base de francais medieval), ENS de Lyon / IHRIM	Licence Ouverte Etalab 2.0	http://txm-bfm.huma-num.fr/txm/catalog/aliscans1 (Droits: 'Corps de texte : Domaine public, licence Etalab'); CGU art.5 http://txm-bfm.huma-num.fr/txm/html/CGU.html; Nakala 10.34847/nkl.a4ddq367 licence field etalab-2.0	2
capetian-french	BFM 2022 (Base de francais medieval), ENS de Lyon / IHRIM	Licence Ouverte Etalab 2.0	http://txm-bfm.huma-num.fr/txm/catalog/aliscans2 (Droits: 'Corps de texte : Domaine public, licence Etalab'); CGU art.5 http://txm-bfm.huma-num.fr/txm/html/CGU.html; Nakala 10.34847/nkl.6fe7kl29 licence field etalab-2.0	2
capetian-french	BFM 2022 (Base de francais medieval), ENS de Lyon / IHRIM	Licence Ouverte Etalab 2.0	http://txm-bfm.huma-num.fr/txm/catalog/atrper (Droits: 'Corps de texte : Domaine public, licence Etalab'); CGU art.5 http://txm-bfm.huma-num.fr/txm/html/CGU.html; Nakala 10.34847/nkl.2135yn36 licence field etalab-2.0	2
capetian-french	BFM 2022 (Base de francais medieval), ENS de Lyon / IHRIM	Licence Ouverte Etalab 2.0	http://txm-bfm.huma-num.fr/txm/catalog/aucassin (Droits: 'Corps de texte : Domaine public, licence Etalab'); CGU art.5 http://txm-bfm.huma-num.fr/txm/html/CGU.html; Nakala 10.34847/nkl.a2a5koj5 licence field etalab-2.0	2
capetian-french	BFM 2022 (Base de francais medieval), ENS de Lyon / IHRIM	Licence Ouverte Etalab 2.0	http://txm-bfm.huma-num.fr/txm/catalog/beauma1 (Droits: 'Corps de texte : Domaine public, licence Etalab'); CGU art.5 http://txm-bfm.huma-num.fr/txm/html/CGU.html; Nakala 10.34847/nkl.0394g32i licence field etalab-2.0	2
capetian-french	BFM 2022 (Base de francais medieval), ENS de Lyon / IHRIM	Licence Ouverte Etalab 2.0	http://txm-bfm.huma-num.fr/txm/catalog/belinc (Droits: 'Corps de texte : Domaine public, licence Etalab'); CGU art.5 http://txm-bfm.huma-num.fr/txm/html/CGU.html; Nakala 10.34847/nkl.ec8byys0 licence field etalab-2.0	1
capetian-french	BFM 2022 (Base de francais medieval), ENS de Lyon / IHRIM	Licence Ouverte Etalab 2.0	http://txm-bfm.huma-num.fr/txm/catalog/beroul (Droits: 'Corps de texte : Domaine public, licence Etalab'); CGU art.5 http://txm-bfm.huma-num.fr/txm/html/CGU.html; Nakala 10.34847/nkl.16beabfc licence field etalab-2.0	2
capetian-french	BFM 2022 (Base de francais medieval), ENS de Lyon / IHRIM	Licence Ouverte Etalab 2.0	http://txm-bfm.huma-num.fr/txm/catalog/bodelnic (Droits: 'Corps de texte : Domaine public, licence Etalab'); CGU art.5 http://txm-bfm.huma-num.fr/txm/html/CGU.html; Nakala 10.34847/nkl.91eeza91 licence field etalab-2.0	2
capetian-french	BFM 2022 (Base de francais medieval), ENS de Lyon / IHRIM	Licence Ouverte Etalab 2.0	http://txm-bfm.huma-num.fr/txm/catalog/chartes_hain13 (Droits: 'Corps de texte : Domaine public, licence Etalab'); CGU art.5 http://txm-bfm.huma-num.fr/txm/html/CGU.html; Nakala 10.34847/nkl.f7f963fz licence field etalab-2.0	2
capetian-french	BFM 2022 (Base de francais medieval), ENS de Lyon / IHRIM	Licence Ouverte Etalab 2.0	http://txm-bfm.huma-num.fr/txm/catalog/conttyr_a (Droits: 'Corps de texte : Domaine public, licence Etalab'); CGU art.5 http://txm-bfm.huma-num.fr/txm/html/CGU.html; Nakala 10.34847/nkl.1fa520sn licence field etalab-2.0	2
capetian-french	BFM 2022 (Base de francais medieval), ENS de Lyon / IHRIM	Licence Ouverte Etalab 2.0	http://txm-bfm.huma-num.fr/txm/catalog/dizsages (Droits: 'Corps de texte : Domaine public, licence Etalab'); CGU art.5 http://txm-bfm.huma-num.fr/txm/html/CGU.html; Nakala 10.34847/nkl.e2d7rwl6 licence field etalab-2.0	2
capetian-french	BFM 2022 (Base de francais medieval), ENS de Lyon / IHRIM	Licence Ouverte Etalab 2.0	http://txm-bfm.huma-num.fr/txm/catalog/eracle (Droits: 'Corps de texte : Domaine public, licence Etalab'); CGU art.5 http://txm-bfm.huma-num.fr/txm/html/CGU.html; Nakala 10.34847/nkl.0269735z licence field etalab-2.0	2
capetian-french	BFM 2022 (Base de francais medieval), ENS de Lyon / IHRIM	Licence Ouverte Etalab 2.0	http://txm-bfm.huma-num.fr/txm/catalog/escoufle (Droits: 'Corps de texte : Domaine public, licence Etalab'); CGU art.5 http://txm-bfm.huma-num.fr/txm/html/CGU.html; Nakala 10.34847/nkl.f638e070 licence field etalab-2.0	2
capetian-french	BFM 2022 (Base de francais medieval), ENS de Lyon / IHRIM	Licence Ouverte Etalab 2.0	http://txm-bfm.huma-num.fr/txm/catalog/espine (Droits: 'Corps de texte : Domaine public, licence Etalab'); CGU art.5 http://txm-bfm.huma-num.fr/txm/html/CGU.html; Nakala 10.34847/nkl.80faksz3 licence field etalab-2.0	2
capetian-french	BFM 2022 (Base de francais medieval), ENS de Lyon / IHRIM	Licence Ouverte Etalab 2.0	http://txm-bfm.huma-num.fr/txm/catalog/fauvel (Droits: 'Corps de texte : Domaine public, licence Etalab'); CGU art.5 http://txm-bfm.huma-num.fr/txm/html/CGU.html; Nakala 10.34847/nkl.af360929 licence field etalab-2.0	2
capetian-french	BFM 2022 (Base de francais medieval), ENS de Lyon / IHRIM	Licence Ouverte Etalab 2.0	http://txm-bfm.huma-num.fr/txm/catalog/fournival (Droits: 'Corps de texte : Domaine public, licence Etalab'); CGU art.5 http://txm-bfm.huma-num.fr/txm/html/CGU.html; Nakala 10.34847/nkl.19d8kke3 licence field etalab-2.0	2
capetian-french	BFM 2022 (Base de francais medieval), ENS de Lyon / IHRIM	Licence Ouverte Etalab 2.0	http://txm-bfm.huma-num.fr/txm/catalog/gcoin1 (Droits: 'Corps de texte : Domaine public, licence Etalab'); CGU art.5 http://txm-bfm.huma-num.fr/txm/html/CGU.html; Nakala 10.34847/nkl.540b76y4 licence field etalab-2.0	2
capetian-french	BFM 2022 (Base de francais medieval), ENS de Lyon / IHRIM	Licence Ouverte Etalab 2.0	http://txm-bfm.huma-num.fr/txm/catalog/gcoin2 (Droits: 'Corps de texte : Domaine public, licence Etalab'); CGU art.5 http://txm-bfm.huma-num.fr/txm/html/CGU.html; Nakala 10.34847/nkl.436fe0jq licence field etalab-2.0	2
capetian-french	BFM 2022 (Base de francais medieval), ENS de Lyon / IHRIM	Licence Ouverte Etalab 2.0	http://txm-bfm.huma-num.fr/txm/catalog/gcoin3 (Droits: 'Corps de texte : Domaine public, licence Etalab'); CGU art.5 http://txm-bfm.huma-num.fr/txm/html/CGU.html; Nakala 10.34847/nkl.ddeax556 licence field etalab-2.0	2
capetian-french	BFM 2022 (Base de francais medieval), ENS de Lyon / IHRIM	Licence Ouverte Etalab 2.0	http://txm-bfm.huma-num.fr/txm/catalog/gcoin4 (Droits: 'Corps de texte : Domaine public, licence Etalab'); CGU art.5 http://txm-bfm.huma-num.fr/txm/html/CGU.html; Nakala 10.34847/nkl.cad77nu8 licence field etalab-2.0	2
capetian-french	BFM 2022 (Base de francais medieval), ENS de Lyon / IHRIM	Licence Ouverte Etalab 2.0	http://txm-bfm.huma-num.fr/txm/catalog/grchron1 (Droits: 'Corps de texte : Domaine public, licence Etalab'); CGU art.5 http://txm-bfm.huma-num.fr/txm/html/CGU.html; Nakala 10.34847/nkl.4865r68a licence field etalab-2.0	2
capetian-french	BFM 2022 (Base de francais medieval), ENS de Lyon / IHRIM	Licence Ouverte Etalab 2.0	http://txm-bfm.huma-num.fr/txm/catalog/grchron9 (Droits: 'Corps de texte : Domaine public, licence Etalab'); CGU art.5 http://txm-bfm.huma-num.fr/txm/html/CGU.html; Nakala 10.34847/nkl.39bec375 licence field etalab-2.0	2
capetian-french	BFM 2022 (Base de francais medieval), ENS de Lyon / IHRIM	Licence Ouverte Etalab 2.0	http://txm-bfm.huma-num.fr/txm/catalog/jehan (Droits: 'Corps de texte : Domaine public, licence Etalab'); CGU art.5 http://txm-bfm.huma-num.fr/txm/html/CGU.html; Nakala 10.34847/nkl.ec7bvmfy licence field etalab-2.0	2
capetian-french	BFM 2022 (Base de francais medieval), ENS de Lyon / IHRIM	Licence Ouverte Etalab 2.0	http://txm-bfm.huma-num.fr/txm/catalog/joinville (Droits: 'Corps de texte : Domaine public, licence Etalab'); CGU art.5 http://txm-bfm.huma-num.fr/txm/html/CGU.html; Nakala 10.34847/nkl.dc4c1s9m licence field etalab-2.0	2
capetian-french	BFM 2022 (Base de francais medieval), ENS de Lyon / IHRIM	Licence Ouverte Etalab 2.0	http://txm-bfm.huma-num.fr/txm/catalog/magloire3 (Droits: 'Corps de texte : Domaine public, licence Etalab'); CGU art.5 http://txm-bfm.huma-num.fr/txm/html/CGU.html; Nakala 10.34847/nkl.11cfomx6 licence field etalab-2.0	2
capetian-french	BFM 2022 (Base de francais medieval), ENS de Lyon / IHRIM	Licence Ouverte Etalab 2.0	http://txm-bfm.huma-num.fr/txm/catalog/melion (Droits: 'Corps de texte : Domaine public, licence Etalab'); CGU art.5 http://txm-bfm.huma-num.fr/txm/html/CGU.html; Nakala 10.34847/nkl.2f683c5s licence field etalab-2.0	2
capetian-french	BFM 2022 (Base de francais medieval), ENS de Lyon / IHRIM	Licence Ouverte Etalab 2.0	http://txm-bfm.huma-num.fr/txm/catalog/menreims (Droits: 'Corps de texte : Domaine public, licence Etalab'); CGU art.5 http://txm-bfm.huma-num.fr/txm/html/CGU.html; Nakala 10.34847/nkl.e4375465 licence field etalab-2.0	2
capetian-french	BFM 2022 (Base de francais medieval), ENS de Lyon / IHRIM	Licence Ouverte Etalab 2.0	http://txm-bfm.huma-num.fr/txm/catalog/merlin_suite_litt (Droits: 'Corps de texte : Domaine public, licence Etalab'); CGU art.5 http://txm-bfm.huma-num.fr/txm/html/CGU.html; Nakala 10.34847/nkl.ed99732g licence field etalab-2.0	2
capetian-french	BFM 2022 (Base de francais medieval), ENS de Lyon / IHRIM	Licence Ouverte Etalab 2.0	http://txm-bfm.huma-num.fr/txm/catalog/mestiersparis (Droits: 'Corps de texte : Domaine public, licence Etalab'); CGU art.5 http://txm-bfm.huma-num.fr/txm/html/CGU.html; Nakala 10.34847/nkl.9fd48i6x licence field etalab-2.0	2
capetian-french	BFM 2022 (Base de francais medieval), ENS de Lyon / IHRIM	Licence Ouverte Etalab 2.0	http://txm-bfm.huma-num.fr/txm/catalog/moree (Droits: 'Corps de texte : Domaine public, licence Etalab'); CGU art.5 http://txm-bfm.huma-num.fr/txm/html/CGU.html; Nakala 10.34847/nkl.7b11q6yo licence field etalab-2.0	2
capetian-french	BFM 2022 (Base de francais medieval), ENS de Lyon / IHRIM	Licence Ouverte Etalab 2.0	http://txm-bfm.huma-num.fr/txm/catalog/passion (Droits: 'Corps de texte : Domaine public, licence Etalab'); CGU art.5 http://txm-bfm.huma-num.fr/txm/html/CGU.html; Nakala 10.34847/nkl.37a2q4iu licence field etalab-2.0	2
capetian-french	BFM 2022 (Base de francais medieval), ENS de Lyon / IHRIM	Licence Ouverte Etalab 2.0	http://txm-bfm.huma-num.fr/txm/catalog/passpal (Droits: 'Corps de texte : Domaine public, licence Etalab'); CGU art.5 http://txm-bfm.huma-num.fr/txm/html/CGU.html; Nakala 10.34847/nkl.3f0e8ioj licence field etalab-2.0	2
capetian-french	BFM 2022 (Base de francais medieval), ENS de Lyon / IHRIM	Licence Ouverte Etalab 2.0	http://txm-bfm.huma-num.fr/txm/catalog/philomena (Droits: 'Corps de texte : Domaine public, licence Etalab'); CGU art.5 http://txm-bfm.huma-num.fr/txm/html/CGU.html; Nakala 10.34847/nkl.63aad7m9 licence field etalab-2.0	2
capetian-french	BFM 2022 (Base de francais medieval), ENS de Lyon / IHRIM	Licence Ouverte Etalab 2.0	http://txm-bfm.huma-num.fr/txm/catalog/plaidsmortemer (Droits: 'Corps de texte : Domaine public, licence Etalab'); CGU art.5 http://txm-bfm.huma-num.fr/txm/html/CGU.html; Nakala 10.34847/nkl.e4d2369t licence field etalab-2.0	2
capetian-french	BFM 2022 (Base de francais medieval), ENS de Lyon / IHRIM	Licence Ouverte Etalab 2.0	http://txm-bfm.huma-num.fr/txm/catalog/prov (Droits: 'Corps de texte : Domaine public, licence Etalab'); CGU art.5 http://txm-bfm.huma-num.fr/txm/html/CGU.html; Nakala 10.34847/nkl.afa206ms licence field etalab-2.0	2
capetian-french	BFM 2022 (Base de francais medieval), ENS de Lyon / IHRIM	Licence Ouverte Etalab 2.0	http://txm-bfm.huma-num.fr/txm/catalog/renart10 (Droits: 'Corps de texte : Domaine public, licence Etalab'); CGU art.5 http://txm-bfm.huma-num.fr/txm/html/CGU.html; Nakala 10.34847/nkl.ed664i29 licence field etalab-2.0	2
capetian-french	BFM 2022 (Base de francais medieval), ENS de Lyon / IHRIM	Licence Ouverte Etalab 2.0	http://txm-bfm.huma-num.fr/txm/catalog/rosel (Droits: 'Corps de texte : Domaine public, licence Etalab'); CGU art.5 http://txm-bfm.huma-num.fr/txm/html/CGU.html; Nakala 10.34847/nkl.42e06nx5 licence field etalab-2.0	2
capetian-french	BFM 2022 (Base de francais medieval), ENS de Lyon / IHRIM	Licence Ouverte Etalab 2.0	http://txm-bfm.huma-num.fr/txm/catalog/rosem1 (Droits: 'Corps de texte : Domaine public, licence Etalab'); CGU art.5 http://txm-bfm.huma-num.fr/txm/html/CGU.html; Nakala 10.34847/nkl.ac79n6xq licence field etalab-2.0	2
capetian-french	BFM 2022 (Base de francais medieval), ENS de Lyon / IHRIM	Licence Ouverte Etalab 2.0	http://txm-bfm.huma-num.fr/txm/catalog/rosem3 (Droits: 'Corps de texte : Domaine public, licence Etalab'); CGU art.5 http://txm-bfm.huma-num.fr/txm/html/CGU.html; Nakala 10.34847/nkl.49fefla8 licence field etalab-2.0	2
capetian-french	BFM 2022 (Base de francais medieval), ENS de Lyon / IHRIM	Licence Ouverte Etalab 2.0	http://txm-bfm.huma-num.fr/txm/catalog/sarrasin (Droits: 'Corps de texte : Domaine public, licence Etalab'); CGU art.5 http://txm-bfm.huma-num.fr/txm/html/CGU.html; Nakala 10.34847/nkl.9c5d327b licence field etalab-2.0	2
capetian-french	BFM 2022 (Base de francais medieval), ENS de Lyon / IHRIM	Licence Ouverte Etalab 2.0	http://txm-bfm.huma-num.fr/txm/catalog/slethgier (Droits: 'Corps de texte : Domaine public, licence Etalab'); CGU art.5 http://txm-bfm.huma-num.fr/txm/html/CGU.html; Nakala 10.34847/nkl.dbdb12yj licence field etalab-2.0	2
capetian-french	BFM 2022 (Base de francais medieval), ENS de Lyon / IHRIM	Licence Ouverte Etalab 2.0	http://txm-bfm.huma-num.fr/txm/catalog/thebes1 (Droits: 'Corps de texte : Domaine public, licence Etalab'); CGU art.5 http://txm-bfm.huma-num.fr/txm/html/CGU.html; Nakala 10.34847/nkl.f30ao7o6 licence field etalab-2.0	2
capetian-french	BFM 2022 (Base de francais medieval), ENS de Lyon / IHRIM	Licence Ouverte Etalab 2.0	http://txm-bfm.huma-num.fr/txm/catalog/thebes2 (Droits: 'Corps de texte : Domaine public, licence Etalab'); CGU art.5 http://txm-bfm.huma-num.fr/txm/html/CGU.html; Nakala 10.34847/nkl.7dfa18ky licence field etalab-2.0	2
capetian-french	BFM 2022 (Base de francais medieval), ENS de Lyon / IHRIM	Licence Ouverte Etalab 2.0	http://txm-bfm.huma-num.fr/txm/catalog/trispr (Droits: 'Corps de texte : Domaine public, licence Etalab'); CGU art.5 http://txm-bfm.huma-num.fr/txm/html/CGU.html; Nakala 10.34847/nkl.2913p8ez licence field etalab-2.0	2
capetian-french	BFM 2022 (Base de francais medieval), ENS de Lyon / IHRIM	Licence Ouverte Etalab 2.0	http://txm-bfm.huma-num.fr/txm/catalog/trot (Droits: 'Corps de texte : Domaine public, licence Etalab'); CGU art.5 http://txm-bfm.huma-num.fr/txm/html/CGU.html; Nakala 10.34847/nkl.9bcc76f7 licence field etalab-2.0	2
capetian-french	BFM 2022 (Base de francais medieval), ENS de Lyon / IHRIM	Licence Ouverte Etalab 2.0	http://txm-bfm.huma-num.fr/txm/catalog/tydorel (Droits: 'Corps de texte : Domaine public, licence Etalab'); CGU art.5 http://txm-bfm.huma-num.fr/txm/html/CGU.html; Nakala 10.34847/nkl.6ae5qr5c licence field etalab-2.0	2
capetian-french	BFM 2022 (Base de francais medieval), ENS de Lyon / IHRIM	Licence Ouverte Etalab 2.0	http://txm-bfm.huma-num.fr/txm/catalog/tyolet (Droits: 'Corps de texte : Domaine public, licence Etalab'); CGU art.5 http://txm-bfm.huma-num.fr/txm/html/CGU.html; Nakala 10.34847/nkl.648457te licence field etalab-2.0	2
capetian-french	BFM 2022 (Base de francais medieval), ENS de Lyon / IHRIM	Licence Ouverte Etalab 2.0	http://txm-bfm.huma-num.fr/txm/catalog/vergy (Droits: 'Corps de texte : Domaine public, licence Etalab'); CGU art.5 http://txm-bfm.huma-num.fr/txm/html/CGU.html; Nakala 10.34847/nkl.0dbd4j6v licence field etalab-2.0	2
capetian-french	BFM 2022 (Base de francais medieval), ENS de Lyon / IHRIM	Licence Ouverte Etalab 2.0	http://txm-bfm.huma-num.fr/txm/catalog/villehardouin1 (Droits: 'Corps de texte : Domaine public, licence Etalab'); CGU art.5 http://txm-bfm.huma-num.fr/txm/html/CGU.html; Nakala 10.34847/nkl.bfb79265 licence field etalab-2.0	2
saga-norse	Internet Archive, bandamannasaga00smgoog	Public Domain (edition published 1901, pre-1929)	https://archive.org/details/bandamannasaga00smgoog	2
saga-norse	Internet Archive, bararsagasnf00guuoft	Public Domain (edition published 1860, pre-1929)	https://archive.org/details/bararsagasnf00guuoft	2
saga-norse	Internet Archive, biskupasgur00bkgoog	Public Domain (edition published 1858, pre-1929)	https://archive.org/details/biskupasgur00bkgoog	2
saga-norse	Internet Archive, biskupasgur00jngoog	Public Domain (edition published 1858, pre-1929)	https://archive.org/details/biskupasgur00jngoog	2
saga-norse	Internet Archive, brennunjlssaganj00finn	Public Domain (edition published 1908, pre-1929)	https://archive.org/details/brennunjlssaganj00finn	2
saga-norse	Internet Archive, bub_gb_UEMRAQAAMAAJ	Public Domain (edition published 1896, pre-1929)	https://archive.org/details/bub_gb_UEMRAQAAMAAJ	2
saga-norse	Internet Archive, dennorskislandsk03finnu	Public Domain (edition published 1912, pre-1929)	https://archive.org/details/dennorskislandsk03finnu	2
saga-norse	Internet Archive, dennorskislandsk04finnu	Public Domain (edition published 1912, pre-1929)	https://archive.org/details/dennorskislandsk04finnu	2
saga-norse	Internet Archive, dieliederderl00hild	Public Domain (edition published 1876, pre-1929)	https://archive.org/details/dieliederderl00hild	2
saga-norse	Internet Archive, dieliederderlte00hildgoog	Public Domain (edition published 1876, pre-1929)	https://archive.org/details/dieliederderlte00hildgoog	2
saga-norse	Internet Archive, dieliederderlte01mbgoog	Public Domain (edition published 1904, pre-1929)	https://archive.org/details/dieliederderlte01mbgoog	2
saga-norse	Internet Archive, egilssagaskalla00jngoog	Public Domain (edition published 1894, pre-1929)	https://archive.org/details/egilssagaskalla00jngoog	2
saga-norse	Internet Archive, egilssagaskallagrimsvaldimar	Public Domain (edition published 1910, pre-1929)	https://archive.org/details/egilssagaskallagrimsvaldimar	2
saga-norse	Internet Archive, eirikssagaraudaokgroenval	Public Domain (edition published 1902, pre-1929)	https://archive.org/details/eirikssagaraudaokgroenval	2
saga-norse	Internet Archive, eyrbyggjasaga00vigfgoog	Public Domain (edition published 1864, pre-1929)	https://archive.org/details/eyrbyggjasaga00vigfgoog	2
saga-norse	Internet Archive, eyrbyggjasagavaldimar	Public Domain (edition published 1895, pre-1929)	https://archive.org/details/eyrbyggjasagavaldimar	2
saga-norse	Internet Archive, flateyjarbokens03ungegoog	Public Domain (edition published 1860, pre-1929)	https://archive.org/details/flateyjarbokens03ungegoog	2
saga-norse	Internet Archive, fljotsdoelasagavaldimarasmunda	Public Domain (edition published 1921, pre-1929)	https://archive.org/details/fljotsdoelasagavaldimarasmunda	2
saga-norse	Internet Archive, floamannasagavaldimar	Public Domain (edition published 1898, pre-1929)	https://archive.org/details/floamannasagavaldimar	2
saga-norse	Internet Archive, fornaldarsogurnordr1	Public Domain (edition published 1885, pre-1929)	https://archive.org/details/fornaldarsogurnordr1	2
saga-norse	Internet Archive, fornaldarsogurnordr2	Public Domain (edition published 1886, pre-1929)	https://archive.org/details/fornaldarsogurnordr2	2
saga-norse	Internet Archive, fornaldarsogurnordrla3	Public Domain (edition published 1889, pre-1929)	https://archive.org/details/fornaldarsogurnordrla3	2
saga-norse	Internet Archive, fornmannasgur00sggoog	Public Domain (edition published 1830, pre-1929)	https://archive.org/details/fornmannasgur00sggoog	2
saga-norse	Internet Archive, fornsgurvatnsda00mbgoog	Public Domain (edition published 1860, pre-1929)	https://archive.org/details/fornsgurvatnsda00mbgoog	2
saga-norse	Internet Archive, fornsgurvatnsdl00mbgoog	Public Domain (edition published 1860, pre-1929)	https://archive.org/details/fornsgurvatnsdl00mbgoog	2
saga-norse	Internet Archive, gri_33125000752341	Public Domain (edition published 1905, pre-1929)	https://archive.org/details/gri_33125000752341	2
saga-norse	Internet Archive, gslasagasrssonar00finn	Public Domain (edition published 1903, pre-1929)	https://archive.org/details/gslasagasrssonar00finn	2
saga-norse	Internet Archive, hallfredarsagavaldimar	Public Domain (edition published 1901, pre-1929)	https://archive.org/details/hallfredarsagavaldimar	2
saga-norse	Internet Archive, heilagramannasg00univgoog	Public Domain (edition published 1877, pre-1929)	https://archive.org/details/heilagramannasg00univgoog	2
saga-norse	Internet Archive, heilagramannasg01ungegoog	Public Domain (edition published 1877, pre-1929)	https://archive.org/details/heilagramannasg01ungegoog	2
saga-norse	Internet Archive, heimskringlaeas00hagggoog	Public Domain (edition published 1869, pre-1929)	https://archive.org/details/heimskringlaeas00hagggoog	2
saga-norse	Internet Archive, heimskringlaeas02hagggoog	Public Domain (edition published 1872, pre-1929)	https://archive.org/details/heimskringlaeas02hagggoog	2
saga-norse	Internet Archive, heimskringlanre00denmgoog	Public Domain (edition published 1893, pre-1929)	https://archive.org/details/heimskringlanre00denmgoog	2
saga-norse	Internet Archive, heimskringlanreg00snor	Public Domain (edition published 1911, pre-1929)	https://archive.org/details/heimskringlanreg00snor	2
saga-norse	Internet Archive, hrafnkelssagafreysgodaval	Public Domain (edition published 1893, pre-1929)	https://archive.org/details/hrafnkelssagafreysgodaval	2
saga-norse	Internet Archive, islandsgrammati00lsgoog	Public Domain (edition published 1884, pre-1929)	https://archive.org/details/islandsgrammati00lsgoog	1
saga-norse	Internet Archive, karlamagnussagao00ungeuoft	Public Domain (edition published 1860, pre-1929)	https://archive.org/details/karlamagnussagao00ungeuoft	2
saga-norse	Internet Archive, kjalnesingasagavaldimar	Public Domain (edition published 1902, pre-1929)	https://archive.org/details/kjalnesingasagavaldimar	2
saga-norse	Internet Archive, konungasgursagae00unge	Public Domain (edition published 1870, pre-1929)	https://archive.org/details/konungasgursagae00unge	2
saga-norse	Internet Archive, laxdaelasagavaldimara	Public Domain (edition published 1895, pre-1929)	https://archive.org/details/laxdaelasagavaldimara	2
saga-norse	Internet Archive, ljosvetningasagavaldim	Public Domain (edition published 1896, pre-1929)	https://archive.org/details/ljosvetningasagavaldim	2
saga-norse	Internet Archive, njlssagabihefir00unkngoog	Public Domain (edition published 1894, pre-1929)	https://archive.org/details/njlssagabihefir00unkngoog	2
saga-norse	Internet Archive, reykdoelaogvallaljotsfinnurjon	Public Domain (edition published 1881, pre-1929)	https://archive.org/details/reykdoelaogvallaljotsfinnurjon	2
saga-norse	Internet Archive, sagagslasrssona00smgoog	Public Domain (edition published 1899, pre-1929)	https://archive.org/details/sagagslasrssona00smgoog	2
saga-norse	Internet Archive, sagairikskonung01ungegoog	Public Domain (edition published 1853, pre-1929)	https://archive.org/details/sagairikskonung01ungegoog	2
saga-norse	Internet Archive, sagairikskonung02ungegoog	Public Domain (edition published 1853, pre-1929)	https://archive.org/details/sagairikskonung02ungegoog	2
saga-norse	Internet Archive, slendingabkersk01landgoog	Public Domain (edition published 1891, pre-1929)	https://archive.org/details/slendingabkersk01landgoog	2
saga-norse	Internet Archive, slendingasgu05valduoft	Public Domain (edition published 1891, pre-1929)	https://archive.org/details/slendingasgu05valduoft	2
saga-norse	Internet Archive, slendingasgu1624valduoft	Public Domain (edition published 1891, pre-1929)	https://archive.org/details/slendingasgu1624valduoft	2
saga-norse	Internet Archive, slendingasgu2528valduoft	Public Domain (edition published 1891, pre-1929)	https://archive.org/details/slendingasgu2528valduoft	2
saga-norse	Internet Archive, slendingasgu2938valduoft	Public Domain (edition published 1891, pre-1929)	https://archive.org/details/slendingasgu2938valduoft	2
saga-norse	Internet Archive, slendingasgu40valduoft	Public Domain (edition published 1891, pre-1929)	https://archive.org/details/slendingasgu40valduoft	2
saga-norse	Internet Archive, slendngasg01guthuoft	Public Domain (edition published 1829, pre-1929)	https://archive.org/details/slendngasg01guthuoft	2
saga-norse	Internet Archive, smundareddahins00frgoog	Public Domain (edition published 1868, pre-1929)	https://archive.org/details/smundareddahins00frgoog	2
saga-norse	Internet Archive, smundareddahins00grungoog	Public Domain (edition published 1874, pre-1929)	https://archive.org/details/smundareddahins00grungoog	2
saga-norse	Internet Archive, smundareddahins03grungoog	Public Domain (edition published 1868, pre-1929)	https://archive.org/details/smundareddahins03grungoog	2
saga-norse	Internet Archive, smundareddamite01heingoog	Public Domain (edition published 1903, pre-1929)	https://archive.org/details/smundareddamite01heingoog	2
saga-norse	Internet Archive, smundareddamite02heingoog	Public Domain (edition published 1903, pre-1929)	https://archive.org/details/smundareddamite02heingoog	1
saga-norse	Internet Archive, snorraeddasamtsk00snor	Public Domain (edition published 1818, pre-1929)	https://archive.org/details/snorraeddasamtsk00snor	2
saga-norse	Internet Archive, snorristurluson00jngoog	Public Domain (edition published 1900, pre-1929)	https://archive.org/details/snorristurluson00jngoog	2
saga-norse	Internet Archive, stjorngammelnors00unge	Public Domain (edition published 1862, pre-1929)	https://archive.org/details/stjorngammelnors00unge	2
saga-norse	Internet Archive, sturlungasagabi00bjargoog	Public Domain (edition published 1908, pre-1929)	https://archive.org/details/sturlungasagabi00bjargoog	2
saga-norse	Internet Archive, sturlungasagaed00bkgoog	Public Domain (edition published 1817, pre-1929)	https://archive.org/details/sturlungasagaed00bkgoog	2
saga-norse	Internet Archive, sturlungasagaed01bkgoog	Public Domain (edition published 1817, pre-1929)	https://archive.org/details/sturlungasagaed01bkgoog	2
saga-norse	Internet Archive, sturlungasagain01goog	Public Domain (edition published 1878, pre-1929)	https://archive.org/details/sturlungasagain01goog	2
saga-norse	Internet Archive, sturlungasagain01vigfgoog	Public Domain (edition published 1878, pre-1929)	https://archive.org/details/sturlungasagain01vigfgoog	2
saga-norse	Internet Archive, svarfdoelasagaogthorfinnurjo	Public Domain (edition published 1883, pre-1929)	https://archive.org/details/svarfdoelasagaogthorfinnurjo	2
saga-norse	Internet Archive, thorfinnssagakarlsefnis	Public Domain (edition published 1902, pre-1929)	https://archive.org/details/thorfinnssagakarlsefnis	2
saga-norse	Internet Archive, thorskfirdingasagavaldimaras	Public Domain (edition published 1897, pre-1929)	https://archive.org/details/thorskfirdingasagavaldimaras	2
saga-norse	Internet Archive, thorsteinssagavaldimar	Public Domain (edition published 1902, pre-1929)	https://archive.org/details/thorsteinssagavaldimar	2
saga-norse	Internet Archive, thorsteinssagavivaldimar.pdf	Public Domain (edition published 1902, pre-1929)	https://archive.org/details/thorsteinssagavivaldimar.pdf	2
saga-norse	Internet Archive, umgrnlandafornu00jngoog	Public Domain (edition published 1899, pre-1929)	https://archive.org/details/umgrnlandafornu00jngoog	2
saga-norse	Internet Archive, vallaljotssagavaldimarasmun	Public Domain (edition published 1898, pre-1929)	https://archive.org/details/vallaljotssagavaldimarasmun	2
saga-norse	Internet Archive, vapnfirdingasagavaldimar	Public Domain (edition published 1898, pre-1929)	https://archive.org/details/vapnfirdingasagavaldimar	2
saga-norse	Internet Archive, vgastyrssagaokh00smgoog	Public Domain (edition published 1899, pre-1929)	https://archive.org/details/vgastyrssagaokh00smgoog	2
saga-norse	Internet Archive, viglundarsagavaldimara	Public Domain (edition published 1902, pre-1929)	https://archive.org/details/viglundarsagavaldimara	2
homeric-greek	first1kGreek	CC-BY-SA-4.0	https://github.com/OpenGreekAndLatin/First1KGreek/blob/master/license.md	61
homeric-greek	perseus-greekLit	CC-BY-SA-4.0	https://github.com/PerseusDL/canonical-greekLit/blob/master/license.md	89
biblical-hebrew	openscriptures/morphhb (WLC)	PD (WLC text) + CC-BY-4.0 (OSHB layer)	https://github.com/openscriptures/morphhb/blob/master/LICENSE.md	150
ciceronian-latin	perseus-latinLit	CC-BY-SA-4.0	https://github.com/PerseusDL/canonical-latinLit/blob/master/license.md	150
new-testament-greek	SBLGNT	CC-BY-4.0	https://github.com/Faithlife/SBLGNT/blob/master/LICENSE	150
medieval-latin	CroALa	CC-BY-4.0	https://github.com/nevenjovanovic/croatiae-auctores-latini-textus/blob/master/LICENSE.md	2
medieval-latin	la.wikisource	CC-BY-SA-4.0	https://la.wikisource.org/w/api.php?action=query&meta=siteinfo&siprop=rightsinfo	65
medieval-latin	openMGH	CC-BY-4.0	https://www.mgh.de/de/mgh-digital/openmgh	83
hawaiian	Chronicling America: Polynesian (Honolulu)	public domain	https://www.loc.gov/collections/chronicling-america/about-this-collection/rights-and-access/	2
hawaiian	Chronicling America: The Garden Island (Lihue)	public domain	https://www.loc.gov/collections/chronicling-america/about-this-collection/rights-and-access/	5
hawaiian	Chronicling America: The Maui News (Wailuku)	public domain	https://www.loc.gov/collections/chronicling-america/about-this-collection/rights-and-access/	20
hawaiian	Chronicling America: The Pacific Commercial Advertiser (Honolulu)	public domain	https://www.loc.gov/collections/chronicling-america/about-this-collection/rights-and-access/	11
hawaiian	Internet Archive: Anatomia (anatomy)	public domain	https://archive.org/details/0222644.nlm.nih.gov	4
hawaiian	Internet Archive: He Buke Wehiwehi Huaolelo Baibala	public domain	https://archive.org/details/hebukewehiwehihu000clar	1
hawaiian	Internet Archive: He Hoikeholoholona (zoology for children)	public domain	https://archive.org/details/hehoikeholoholo00dibbgoog	3
hawaiian	Internet Archive: He Hoikehonua (geography)	public domain	https://archive.org/details/hehoikehonuahem00woodgoog	5
hawaiian	Internet Archive: He Kumukanawai a me na Kanawai	public domain	https://archive.org/details/hekumukanawaiam00hawagoog	5
hawaiian	Internet Archive: He Mau Olelo Ao no ke Ola Kino (health)	public domain	https://archive.org/details/hemauoleloaoepi00gibsgoog	5
hawaiian	Internet Archive: He Ninau Hoike (catechism)	public domain	https://archive.org/details/heninauhoikenok00binggoog	3
hawaiian	Internet Archive: He Olelo no ko ke Akua Ano	public domain	https://archive.org/details/heolelonokokeak00alexgoog	2
hawaiian	Internet Archive: Hoike a ke Komite (treasury accounts)	public domain	https://archive.org/details/act9721.0001.001.umich.edu	2
hawaiian	Internet Archive: Hoike a ke Komite kuikawa (prisons)	public domain	https://archive.org/details/act9714.0001.001.umich.edu	5
hawaiian	Internet Archive: Ka Alemanaka Hawaii no 1888	public domain	https://archive.org/details/kaalemanakahawai00thru	12
hawaiian	Internet Archive: Ka Buke Himeni Hawaii (hymnal)	public domain	https://archive.org/details/kabukehimenihawa00lyon	4
hawaiian	Internet Archive: Ka Hoikehonua (geography)	public domain	https://archive.org/details/kahoikehonuamena00andr	1
hawaiian	Internet Archive: Ka Moolelo o Heneri Opukahaia	public domain	https://archive.org/details/kamooleloohener00papagoog	12
hawaiian	Internet Archive: Ka Mooolelo no ka Ekalesia	public domain	https://archive.org/details/kamooolelonokae00greegoog	1
hawaiian	Internet Archive: Kanawai i kauia e Kamehameha III	public domain	https://archive.org/details/kanawaiikauiaek00ricogoog	7
hawaiian	Internet Archive: Kanawai o ka Moi Kamehameha III	public domain	https://archive.org/details/kanawaiokamoika00hawagoog	6
hawaiian	Internet Archive: Ke Alakai (LDS doctrine)	public domain	https://archive.org/details/kealakaioiahoihe00jaqu	1
hawaiian	Internet Archive: Ke Au o Hawaii (Dole correspondence)	public domain	https://archive.org/details/abe1479.0001.001.umich.edu	7
hawaiian	Internet Archive: Ke Kumu Mua Ano Hou (primer)	public domain	https://archive.org/details/kekumumuaanohoui62pool	1
hawaiian	Internet Archive: Na Himeni Hoolea (hymnal)	public domain	https://archive.org/details/nahimenihooleah00binggoog	4
hawaiian	Internet Archive: O ke Akeakamai no na Kamalii (science for children)	public domain	https://archive.org/details/okeakeakamainona00abbo	4
hawaiian	Internet Archive: O ke Anahonua (geometry)	public domain	https://archive.org/details/okeanahonuaheme00holbgoog	5
hawaiian	eBible.org, Baibala Hemolele (1868 revision)	public domain	https://ebible.org/details.php?id=haw1868&all=1	12
cape-afrikaans	FineWiki (Wikipedia)	CC-BY-SA-4.0	https://huggingface.co/datasets/HuggingFaceFW/finewiki	150
alemannic	FineWiki (Wikipedia)	CC-BY-SA-4.0	https://huggingface.co/datasets/HuggingFaceFW/finewiki	150
addis-ababa-amharic	FineWiki (Wikipedia)	CC-BY-SA-4.0	https://huggingface.co/datasets/HuggingFaceFW/finewiki	150
huesca-aragonese	FineWiki (Wikipedia)	CC-BY-SA-4.0	https://huggingface.co/datasets/HuggingFaceFW/finewiki	150
cairo-academy-arabic	FineWiki (Wikipedia)	CC-BY-SA-4.0	https://huggingface.co/datasets/HuggingFaceFW/finewiki	150
jorhat-assamese	FineWiki (Wikipedia)	CC-BY-SA-4.0	https://huggingface.co/datasets/HuggingFaceFW/finewiki	150
oviedo-asturian	FineWiki (Wikipedia)	CC-BY-SA-4.0	https://huggingface.co/datasets/HuggingFaceFW/finewiki	150
baku-azerbaijani	FineWiki (Wikipedia)	CC-BY-SA-4.0	https://huggingface.co/datasets/HuggingFaceFW/finewiki	150
ufa-bashkir	FineWiki (Wikipedia)	CC-BY-SA-4.0	https://huggingface.co/datasets/HuggingFaceFW/finewiki	150
samogitian	FineWiki (Wikipedia)	CC-BY-SA-4.0	https://huggingface.co/datasets/HuggingFaceFW/finewiki	43
samogitian	bat_smgwiki Cirrus dump (Wikipedia)	CC-BY-SA-4.0	https://dumps.wikimedia.org/other/cirrus_search_index/20260809/index_name=bat_smgwiki_content/bat_smgwiki_content-20260809-00000.json.bz2	107
naga-bikol	FineWiki (Wikipedia)	CC-BY-SA-4.0	https://huggingface.co/datasets/HuggingFaceFW/finewiki	150
minsk-belarusian	FineWiki (Wikipedia)	CC-BY-SA-4.0	https://huggingface.co/datasets/HuggingFaceFW/finewiki	150
vilnius-belarusian	be_x_oldwiki Cirrus dump (Wikipedia)	CC-BY-SA-4.0	https://huggingface.co/datasets/HuggingFaceFW/finewiki	150
sofia-bulgarian	FineWiki (Wikipedia)	CC-BY-SA-4.0	https://huggingface.co/datasets/HuggingFaceFW/finewiki	150
kolkata-bengali	FineWiki (Wikipedia)	CC-BY-SA-4.0	https://huggingface.co/datasets/HuggingFaceFW/finewiki	150
leon-breton	FineWiki (Wikipedia)	CC-BY-SA-4.0	https://huggingface.co/datasets/HuggingFaceFW/finewiki	150
barcelona-catalan	FineWiki (Wikipedia)	CC-BY-SA-4.0	https://huggingface.co/datasets/HuggingFaceFW/finewiki	150
sulaymaniyah-sorani	FineWiki (Wikipedia)	CC-BY-SA-4.0	https://huggingface.co/datasets/HuggingFaceFW/finewiki	150
prague-czech	FineWiki (Wikipedia)	CC-BY-SA-4.0	https://huggingface.co/datasets/HuggingFaceFW/finewiki	150
cheboksary-chuvash	FineWiki (Wikipedia)	CC-BY-SA-4.0	https://huggingface.co/datasets/HuggingFaceFW/finewiki	150
gwynedd-welsh	FineWiki (Wikipedia)	CC-BY-SA-4.0	https://huggingface.co/datasets/HuggingFaceFW/finewiki	150
cyrillic-shtokavian	FineWiki (Wikipedia)	CC-BY-SA-4.0	https://huggingface.co/datasets/HuggingFaceFW/finewiki	150
copenhagen-danish	FineWiki (Wikipedia)	CC-BY-SA-4.0	https://huggingface.co/datasets/HuggingFaceFW/finewiki	150
hamburg-german	FineWiki (Wikipedia)	CC-BY-SA-4.0	https://huggingface.co/datasets/HuggingFaceFW/finewiki	150
athenian-greek	FineWiki (Wikipedia)	CC-BY-SA-4.0	https://huggingface.co/datasets/HuggingFaceFW/finewiki	150
esperanto	FineWiki (Wikipedia)	CC-BY-SA-4.0	https://huggingface.co/datasets/HuggingFaceFW/finewiki	150
madrid-spanish	FineWiki (Wikipedia)	CC-BY-SA-4.0	https://huggingface.co/datasets/HuggingFaceFW/finewiki	150
tallinn-estonian	FineWiki (Wikipedia)	CC-BY-SA-4.0	https://huggingface.co/datasets/HuggingFaceFW/finewiki	150
bilbao-basque	FineWiki (Wikipedia)	CC-BY-SA-4.0	https://huggingface.co/datasets/HuggingFaceFW/finewiki	150
tehrani-persian	FineWiki (Wikipedia)	CC-BY-SA-4.0	https://huggingface.co/datasets/HuggingFaceFW/finewiki	150
helsinki-finnish	FineWiki (Wikipedia)	CC-BY-SA-4.0	https://huggingface.co/datasets/HuggingFaceFW/finewiki	150
parisian-french	FineWiki (Wikipedia)	CC-BY-SA-4.0	https://huggingface.co/datasets/HuggingFaceFW/finewiki	150
leeuwarden-frisian	FineWiki (Wikipedia)	CC-BY-SA-4.0	https://huggingface.co/datasets/HuggingFaceFW/finewiki	150
connacht-irish	FineWiki (Wikipedia)	CC-BY-SA-4.0	https://huggingface.co/datasets/HuggingFaceFW/finewiki	150
hebridean-gaelic	FineWiki (Wikipedia)	CC-BY-SA-4.0	https://huggingface.co/datasets/HuggingFaceFW/finewiki	150
compostela-galician	FineWiki (Wikipedia)	CC-BY-SA-4.0	https://huggingface.co/datasets/HuggingFaceFW/finewiki	150
asuncion-guarani	FineWiki (Wikipedia)	CC-BY-SA-4.0	https://huggingface.co/datasets/HuggingFaceFW/finewiki	150
tel-aviv-hebrew	FineWiki (Wikipedia)	CC-BY-SA-4.0	https://huggingface.co/datasets/HuggingFaceFW/finewiki	150
delhi-hindi	FineWiki (Wikipedia)	CC-BY-SA-4.0	https://huggingface.co/datasets/HuggingFaceFW/finewiki	150
fiji-hindi	FineWiki (Wikipedia)	CC-BY-SA-4.0	https://huggingface.co/datasets/HuggingFaceFW/finewiki	150
budapest-hungarian	FineWiki (Wikipedia)	CC-BY-SA-4.0	https://huggingface.co/datasets/HuggingFaceFW/finewiki	150
yerevan-armenian	FineWiki (Wikipedia)	CC-BY-SA-4.0	https://huggingface.co/datasets/HuggingFaceFW/finewiki	150
jakarta-indonesian	FineWiki (Wikipedia)	CC-BY-SA-4.0	https://huggingface.co/datasets/HuggingFaceFW/finewiki	150
vigan-ilocano	FineWiki (Wikipedia)	CC-BY-SA-4.0	https://huggingface.co/datasets/HuggingFaceFW/finewiki	150
ido	FineWiki (Wikipedia)	CC-BY-SA-4.0	https://huggingface.co/datasets/HuggingFaceFW/finewiki	150
reykjavik-icelandic	FineWiki (Wikipedia)	CC-BY-SA-4.0	https://huggingface.co/datasets/HuggingFaceFW/finewiki	150
florentine-italian	FineWiki (Wikipedia)	CC-BY-SA-4.0	https://huggingface.co/datasets/HuggingFaceFW/finewiki	150
tokyo-japanese	FineWiki (Wikipedia)	CC-BY-SA-4.0	https://huggingface.co/datasets/HuggingFaceFW/finewiki	150
surakarta-javanese	FineWiki (Wikipedia)	CC-BY-SA-4.0	https://huggingface.co/datasets/HuggingFaceFW/finewiki	150
tbilisi-georgian	FineWiki (Wikipedia)	CC-BY-SA-4.0	https://huggingface.co/datasets/HuggingFaceFW/finewiki	150
almaty-kazakh	FineWiki (Wikipedia)	CC-BY-SA-4.0	https://huggingface.co/datasets/HuggingFaceFW/finewiki	150
mysore-kannada	FineWiki (Wikipedia)	CC-BY-SA-4.0	https://huggingface.co/datasets/HuggingFaceFW/finewiki	150
seoul-korean	FineWiki (Wikipedia)	CC-BY-SA-4.0	https://huggingface.co/datasets/HuggingFaceFW/finewiki	150
diyarbakir-kurmanji	FineWiki (Wikipedia)	CC-BY-SA-4.0	https://huggingface.co/datasets/HuggingFaceFW/finewiki	150
cornish	FineWiki (Wikipedia)	CC-BY-SA-4.0	https://huggingface.co/datasets/HuggingFaceFW/finewiki	150
vicipaedian-latin	FineWiki (Wikipedia)	CC-BY-SA-4.0	https://huggingface.co/datasets/HuggingFaceFW/finewiki	150
latin-shtokavian	FineWiki (Wikipedia)	CC-BY-SA-4.0	https://huggingface.co/datasets/HuggingFaceFW/finewiki	150
luxembourgish	FineWiki (Wikipedia)	CC-BY-SA-4.0	https://huggingface.co/datasets/HuggingFaceFW/finewiki	150
maastricht-limburgish	FineWiki (Wikipedia)	CC-BY-SA-4.0	https://huggingface.co/datasets/HuggingFaceFW/finewiki	150
kaunas-lithuanian	FineWiki (Wikipedia)	CC-BY-SA-4.0	https://huggingface.co/datasets/HuggingFaceFW/finewiki	150
riga-latvian	FineWiki (Wikipedia)	CC-BY-SA-4.0	https://huggingface.co/datasets/HuggingFaceFW/finewiki	150
skopje-macedonian	FineWiki (Wikipedia)	CC-BY-SA-4.0	https://huggingface.co/datasets/HuggingFaceFW/finewiki	150
kottayam-malayalam	FineWiki (Wikipedia)	CC-BY-SA-4.0	https://huggingface.co/datasets/HuggingFaceFW/finewiki	150
ulaanbaatar-mongolian	FineWiki (Wikipedia)	CC-BY-SA-4.0	https://huggingface.co/datasets/HuggingFaceFW/finewiki	150
pune-marathi	FineWiki (Wikipedia)	CC-BY-SA-4.0	https://huggingface.co/datasets/HuggingFaceFW/finewiki	150
johor-malay	FineWiki (Wikipedia)	CC-BY-SA-4.0	https://huggingface.co/datasets/HuggingFaceFW/finewiki	150
valletta-maltese	FineWiki (Wikipedia)	CC-BY-SA-4.0	https://huggingface.co/datasets/HuggingFaceFW/finewiki	150
yangon-burmese	FineWiki (Wikipedia)	CC-BY-SA-4.0	https://huggingface.co/datasets/HuggingFaceFW/finewiki	150
kathmandu-nepali	FineWiki (Wikipedia)	CC-BY-SA-4.0	https://huggingface.co/datasets/HuggingFaceFW/finewiki	150
amsterdam-dutch	FineWiki (Wikipedia)	CC-BY-SA-4.0	https://huggingface.co/datasets/HuggingFaceFW/finewiki	150
vestland-norwegian	FineWiki (Wikipedia)	CC-BY-SA-4.0	https://huggingface.co/datasets/HuggingFaceFW/finewiki	150
oslo-norwegian	FineWiki (Wikipedia)	CC-BY-SA-4.0	https://huggingface.co/datasets/HuggingFaceFW/finewiki	150
toulouse-occitan	FineWiki (Wikipedia)	CC-BY-SA-4.0	https://huggingface.co/datasets/HuggingFaceFW/finewiki	150
amritsar-punjabi	FineWiki (Wikipedia)	CC-BY-SA-4.0	https://huggingface.co/datasets/HuggingFaceFW/finewiki	150
warsaw-polish	FineWiki (Wikipedia)	CC-BY-SA-4.0	https://huggingface.co/datasets/HuggingFaceFW/finewiki	150
kandahar-pashto	FineWiki (Wikipedia)	CC-BY-SA-4.0	https://huggingface.co/datasets/HuggingFaceFW/finewiki	150
rio-portuguese	FineWiki (Wikipedia)	CC-BY-SA-4.0	https://huggingface.co/datasets/HuggingFaceFW/finewiki	150
cusco-quechua	FineWiki (Wikipedia)	CC-BY-SA-4.0	https://huggingface.co/datasets/HuggingFaceFW/finewiki	40
cusco-quechua	Wordgourd translation from FineWiki (Wikipedia), es payload	CC-BY-SA-4.0	https://huggingface.co/datasets/HuggingFaceFW/finewiki	91
cusco-quechua	Wordgourd translation from FineWiki (Wikipedia), qu payload	CC-BY-SA-4.0	https://huggingface.co/datasets/HuggingFaceFW/finewiki	19
bucharest-romanian	FineWiki (Wikipedia)	CC-BY-SA-4.0	https://huggingface.co/datasets/HuggingFaceFW/finewiki	150
moscow-russian	FineWiki (Wikipedia)	CC-BY-SA-4.0	https://huggingface.co/datasets/HuggingFaceFW/finewiki	150
uzhhorod-rusyn	FineWiki (Wikipedia)	CC-BY-SA-4.0	https://huggingface.co/datasets/HuggingFaceFW/finewiki	150
yakutsk-sakha	FineWiki (Wikipedia)	CC-BY-SA-4.0	https://huggingface.co/datasets/HuggingFaceFW/finewiki	150
palermo-sicilian	FineWiki (Wikipedia)	CC-BY-SA-4.0	https://huggingface.co/datasets/HuggingFaceFW/finewiki	150
hyderabad-sindhi	FineWiki (Wikipedia)	CC-BY-SA-4.0	https://huggingface.co/datasets/HuggingFaceFW/finewiki	150
colombo-sinhala	FineWiki (Wikipedia)	CC-BY-SA-4.0	https://huggingface.co/datasets/HuggingFaceFW/finewiki	150
bratislava-slovak	FineWiki (Wikipedia)	CC-BY-SA-4.0	https://huggingface.co/datasets/HuggingFaceFW/finewiki	150
ljubljana-slovene	FineWiki (Wikipedia)	CC-BY-SA-4.0	https://huggingface.co/datasets/HuggingFaceFW/finewiki	150
tirana-albanian	FineWiki (Wikipedia)	CC-BY-SA-4.0	https://huggingface.co/datasets/HuggingFaceFW/finewiki	150
stockholm-swedish	FineWiki (Wikipedia)	CC-BY-SA-4.0	https://huggingface.co/datasets/HuggingFaceFW/finewiki	150
zanzibari-swahili	FineWiki (Wikipedia)	CC-BY-SA-4.0	https://huggingface.co/datasets/HuggingFaceFW/finewiki	150
chennai-tamil	FineWiki (Wikipedia)	CC-BY-SA-4.0	https://huggingface.co/datasets/HuggingFaceFW/finewiki	150
vijayawada-telugu	FineWiki (Wikipedia)	CC-BY-SA-4.0	https://huggingface.co/datasets/HuggingFaceFW/finewiki	150
dushanbe-tajik	FineWiki (Wikipedia)	CC-BY-SA-4.0	https://huggingface.co/datasets/HuggingFaceFW/finewiki	150
bangkok-thai	FineWiki (Wikipedia)	CC-BY-SA-4.0	https://huggingface.co/datasets/HuggingFaceFW/finewiki	150
manila-tagalog	FineWiki (Wikipedia)	CC-BY-SA-4.0	https://huggingface.co/datasets/HuggingFaceFW/finewiki	150
istanbul-turkish	FineWiki (Wikipedia)	CC-BY-SA-4.0	https://huggingface.co/datasets/HuggingFaceFW/finewiki	150
kyiv-ukrainian	FineWiki (Wikipedia)	CC-BY-SA-4.0	https://huggingface.co/datasets/HuggingFaceFW/finewiki	150
tashkent-uzbek	FineWiki (Wikipedia)	CC-BY-SA-4.0	https://huggingface.co/datasets/HuggingFaceFW/finewiki	150
veps	FineWiki (Wikipedia)	CC-BY-SA-4.0	https://huggingface.co/datasets/HuggingFaceFW/finewiki	150
hanoi-vietnamese	FineWiki (Wikipedia)	CC-BY-SA-4.0	https://huggingface.co/datasets/HuggingFaceFW/finewiki	150
vilnius-yiddish	FineWiki (Wikipedia)	CC-BY-SA-4.0	https://huggingface.co/datasets/HuggingFaceFW/finewiki	150
beijing-mandarin	FineWiki (Wikipedia)	CC-BY-SA-4.0	https://huggingface.co/datasets/HuggingFaceFW/finewiki	150
hong-kong-cantonese	FineWiki (Wikipedia)	CC-BY-SA-4.0	https://huggingface.co/datasets/HuggingFaceFW/finewiki	150
brussels-bulgarian	MultiEURLEX (coastalcph) / EUR-Lex	EUR-Lex reuse, Decision 2011/833/EU (source acknowledged)	https://eur-lex.europa.eu/legal-content/EN/TXT/?uri=CELEX:32011D0833	136
brussels-bulgarian	OHCHR (official UN translation)	UN, free reproduction with attribution	https://www.un.org/en/about-us/copyright	2
brussels-bulgarian	Wikisource (bg), Конституция на Република България	Wikisource transcription, CC BY-SA 4.0; the underlying official text is excluded from copyright by national law	https://bg.wikisource.org/w/api.php?action=query&meta=siteinfo&siprop=rightsinfo&format=json	12
brussels-croatian	MultiEURLEX (coastalcph) / EUR-Lex	EUR-Lex reuse, Decision 2011/833/EU (source acknowledged)	https://eur-lex.europa.eu/legal-content/EN/TXT/?uri=CELEX:32011D0833	136
brussels-croatian	Narodne novine (official gazette)	Narodne novine, official gazette text (not subject to copyright)	https://narodne-novine.nn.hr/clanci/sluzbeni/2010_07_85_2422.html	12
brussels-croatian	Narodne novine, Međunarodni ugovori 12/2009	Narodne novine, official gazette text (not subject to copyright)	https://narodne-novine.nn.hr/clanci/medunarodni/2009_11_12_143.html	2
brussels-czech	MultiEURLEX (coastalcph) / EUR-Lex	EUR-Lex reuse, Decision 2011/833/EU (source acknowledged)	https://eur-lex.europa.eu/legal-content/EN/TXT/?uri=CELEX:32011D0833	136
brussels-czech	OHCHR (official UN translation)	UN, free reproduction with attribution	https://www.un.org/en/about-us/copyright	2
brussels-czech	Wikisource (cs), Ústava České republiky	Wikisource transcription, CC BY-SA 4.0; the underlying official text is excluded from copyright by national law	https://cs.wikisource.org/w/api.php?action=query&meta=siteinfo&siprop=rightsinfo&format=json	12
brussels-danish	MultiEURLEX (coastalcph) / EUR-Lex	EUR-Lex reuse, Decision 2011/833/EU (source acknowledged)	https://eur-lex.europa.eu/legal-content/EN/TXT/?uri=CELEX:32011D0833	136
brussels-danish	OHCHR (official UN translation)	UN, free reproduction with attribution	https://www.un.org/en/about-us/copyright	2
brussels-danish	Wikisource (da), Danmarks Riges Grundlov af 5. juni 1953	Wikisource transcription, CC BY-SA 4.0; the underlying official text is excluded from copyright by national law	https://da.wikisource.org/w/api.php?action=query&meta=siteinfo&siprop=rightsinfo&format=json	12
brussels-dutch	MultiEURLEX (coastalcph) / EUR-Lex	EUR-Lex reuse, Decision 2011/833/EU (source acknowledged)	https://eur-lex.europa.eu/legal-content/EN/TXT/?uri=CELEX:32011D0833	136
brussels-dutch	OHCHR (official UN translation)	UN, free reproduction with attribution	https://www.un.org/en/about-us/copyright	2
brussels-dutch	wetten.overheid.nl (Dutch government)	Dutch government open data; statutory text not subject to copyright	https://wetten.overheid.nl/BWBR0001840	12
brussels-estonian	MultiEURLEX (coastalcph) / EUR-Lex	EUR-Lex reuse, Decision 2011/833/EU (source acknowledged)	https://eur-lex.europa.eu/legal-content/EN/TXT/?uri=CELEX:32011D0833	136
brussels-estonian	OHCHR (official UN translation)	UN, free reproduction with attribution	https://www.un.org/en/about-us/copyright	2
brussels-estonian	WIPO Lex (Riigi Teataja consolidated text)	Riigi Teataja consolidated text; Estonian legislation not subject to copyright	https://www.wipo.int/wipolex/en/legislation/details/16439	12
brussels-finnish	EUR-Lex national implementing measure (Finlex print of 731/1999)	EUR-Lex reuse, Decision 2011/833/EU (source acknowledged)	https://eur-lex.europa.eu/legal-content/EN/TXT/?uri=CELEX:32011D0833	12
brussels-finnish	MultiEURLEX (coastalcph) / EUR-Lex	EUR-Lex reuse, Decision 2011/833/EU (source acknowledged)	https://eur-lex.europa.eu/legal-content/EN/TXT/?uri=CELEX:32011D0833	136
brussels-finnish	UNRIC (UN Regional Information Centre)	UN, free reproduction with attribution	https://www.un.org/en/about-us/copyright	2
brussels-french	Conseil constitutionnel	Conseil constitutionnel, public reuse	https://www.conseil-constitutionnel.fr/le-bloc-de-constitutionnalite/texte-integral-de-la-constitution-du-4-octobre-1958-en-vigueur	12
brussels-french	MultiEURLEX (coastalcph) / EUR-Lex	EUR-Lex reuse, Decision 2011/833/EU (source acknowledged)	https://eur-lex.europa.eu/legal-content/EN/TXT/?uri=CELEX:32011D0833	136
brussels-french	OHCHR (official UN translation)	UN, free reproduction with attribution	https://www.un.org/en/about-us/copyright	2
brussels-german	MultiEURLEX (coastalcph) / EUR-Lex	EUR-Lex reuse, Decision 2011/833/EU (source acknowledged)	https://eur-lex.europa.eu/legal-content/EN/TXT/?uri=CELEX:32011D0833	136
brussels-german	OHCHR (official UN translation)	UN, free reproduction with attribution	https://www.un.org/en/about-us/copyright	2
brussels-german	gesetze-im-internet.de (Bundesamt für Justiz)	Bundesamt für Justiz; German statutory text is amtliches Werk, § 5 UrhG (no copyright)	https://www.gesetze-im-internet.de/gg/BJNR000010949.html	12
brussels-greek	MultiEURLEX (coastalcph) / EUR-Lex	EUR-Lex reuse, Decision 2011/833/EU (source acknowledged)	https://eur-lex.europa.eu/legal-content/EN/TXT/?uri=CELEX:32011D0833	136
brussels-greek	OHCHR (official UN translation)	UN, free reproduction with attribution	https://www.un.org/en/about-us/copyright	2
brussels-greek	Wikisource (el), Σύνταγμα της Ελλάδας (2008)	Wikisource transcription, CC BY-SA 4.0; the underlying official text is excluded from copyright by national law	https://el.wikisource.org/w/api.php?action=query&meta=siteinfo&siprop=rightsinfo&format=json	12
brussels-hungarian	MultiEURLEX (coastalcph) / EUR-Lex	EUR-Lex reuse, Decision 2011/833/EU (source acknowledged)	https://eur-lex.europa.eu/legal-content/EN/TXT/?uri=CELEX:32011D0833	136
brussels-hungarian	OHCHR (official UN translation)	UN, free reproduction with attribution	https://www.un.org/en/about-us/copyright	2
brussels-hungarian	Wikisource (hu), Magyarország Alaptörvénye	Wikisource transcription, CC BY-SA 4.0; the underlying official text is excluded from copyright by national law	https://hu.wikisource.org/w/api.php?action=query&meta=siteinfo&siprop=rightsinfo&format=json	12
brussels-irish	EUR-Lex / Cellar (ga expression)	EUR-Lex reuse, Decision 2011/833/EU (source acknowledged)	https://eur-lex.europa.eu/legal-content/EN/TXT/?uri=CELEX:32011D0833	136
brussels-irish	Irish Statute Book (Office of the Attorney General)	Irish Statute Book, Government of Ireland; PSI licence	https://www.irishstatutebook.ie/eli/cons/ga/html	12
brussels-irish	OHCHR (official UN translation)	UN, free reproduction with attribution	https://www.un.org/en/about-us/copyright	2
brussels-italian	Corte costituzionale	Corte costituzionale, public reuse	https://www.cortecostituzionale.it/documenti/download/pdf/Costituzione_della_Repubblica_italiana.pdf	12
brussels-italian	MultiEURLEX (coastalcph) / EUR-Lex	EUR-Lex reuse, Decision 2011/833/EU (source acknowledged)	https://eur-lex.europa.eu/legal-content/EN/TXT/?uri=CELEX:32011D0833	136
brussels-italian	OHCHR (official UN translation)	UN, free reproduction with attribution	https://www.un.org/en/about-us/copyright	2
brussels-latvian	MultiEURLEX (coastalcph) / EUR-Lex	EUR-Lex reuse, Decision 2011/833/EU (source acknowledged)	https://eur-lex.europa.eu/legal-content/EN/TXT/?uri=CELEX:32011D0833	136
brussels-latvian	OHCHR (official UN translation)	UN, free reproduction with attribution	https://www.un.org/en/about-us/copyright	2
brussels-latvian	likumi.lv (Latvijas Vēstnesis)	Latvijas Vēstnesis official publication; statutory text not subject to copyright	https://likumi.lv/ta/id/57980-latvijas-republikas-satversme	12
brussels-lithuanian	MultiEURLEX (coastalcph) / EUR-Lex	EUR-Lex reuse, Decision 2011/833/EU (source acknowledged)	https://eur-lex.europa.eu/legal-content/EN/TXT/?uri=CELEX:32011D0833	136
brussels-lithuanian	OHCHR (official UN translation)	UN, free reproduction with attribution	https://www.un.org/en/about-us/copyright	2
brussels-lithuanian	Seimas of Lithuania (lrs.lt)	Seimas of Lithuania official publication; statutory text not subject to copyright	https://www.lrs.lt/home/Konstitucija/Konstitucija.htm	12
brussels-maltese	MultiEURLEX (coastalcph) / EUR-Lex	EUR-Lex reuse, Decision 2011/833/EU (source acknowledged)	https://eur-lex.europa.eu/legal-content/EN/TXT/?uri=CELEX:32011D0833	136
brussels-maltese	OHCHR (official UN translation)	UN, free reproduction with attribution	https://www.un.org/en/about-us/copyright	2
brussels-maltese	legislation.mt (Government of Malta)	Government of Malta official publication; statutory text not subject to copyright	https://legislation.mt/eli/const	12
brussels-polish	MultiEURLEX (coastalcph) / EUR-Lex	EUR-Lex reuse, Decision 2011/833/EU (source acknowledged)	https://eur-lex.europa.eu/legal-content/EN/TXT/?uri=CELEX:32011D0833	136
brussels-polish	OHCHR (official UN translation)	UN, free reproduction with attribution	https://www.un.org/en/about-us/copyright	2
brussels-polish	Sejm Rzeczypospolitej Polskiej	Sejm official publication; Polish statutory text is excluded from copyright, art. 4 ustawy o prawie autorskim	https://www.sejm.gov.pl/prawo/konst/polski/kon1.htm	12
brussels-portuguese	Assembleia da Republica	Assembleia da Republica, public reuse	https://www.parlamento.pt/Legislacao/Paginas/ConstituicaoRepublicaPortuguesa.aspx	12
brussels-portuguese	MultiEURLEX (coastalcph) / EUR-Lex	EUR-Lex reuse, Decision 2011/833/EU (source acknowledged)	https://eur-lex.europa.eu/legal-content/EN/TXT/?uri=CELEX:32011D0833	136
brussels-portuguese	OHCHR (official UN translation)	UN, free reproduction with attribution	https://www.un.org/en/about-us/copyright	2
brussels-romanian	Camera Deputatilor	Camera Deputatilor, public reuse	https://www.cdep.ro/ords/pls/dic/site2015.page?id=339&idl=1	12
brussels-romanian	MultiEURLEX (coastalcph) / EUR-Lex	EUR-Lex reuse, Decision 2011/833/EU (source acknowledged)	https://eur-lex.europa.eu/legal-content/EN/TXT/?uri=CELEX:32011D0833	136
brussels-romanian	OHCHR (official UN translation)	UN, free reproduction with attribution	https://www.un.org/en/about-us/copyright	2
brussels-slovak	MultiEURLEX (coastalcph) / EUR-Lex	EUR-Lex reuse, Decision 2011/833/EU (source acknowledged)	https://eur-lex.europa.eu/legal-content/EN/TXT/?uri=CELEX:32011D0833	136
brussels-slovak	OHCHR (official UN translation)	UN, free reproduction with attribution	https://www.un.org/en/about-us/copyright	2
brussels-slovak	Slov-Lex (Ministry of Justice, Slovakia)	Slov-Lex official publication; Slovak statutory text not subject to copyright	https://www.slov-lex.sk/ezbierky/pravne-predpisy/SK/ZZ/1992/460/	12
brussels-slovene	MultiEURLEX (coastalcph) / EUR-Lex	EUR-Lex reuse, Decision 2011/833/EU (source acknowledged)	https://eur-lex.europa.eu/legal-content/EN/TXT/?uri=CELEX:32011D0833	136
brussels-slovene	OHCHR (official UN translation)	UN, free reproduction with attribution	https://www.un.org/en/about-us/copyright	2
brussels-slovene	Uradni list Republike Slovenije	Uradni list RS official gazette; statutory text not subject to copyright	https://www.uradni-list.si/glasilo-uradni-list-rs/vsebina/1991-01-1409	12
brussels-spanish	Boletin Oficial del Estado	BOE reuse (Ley 37/2007)	https://www.boe.es/buscar/act.php?id=BOE-A-1978-31229	12
brussels-spanish	MultiEURLEX (coastalcph) / EUR-Lex	EUR-Lex reuse, Decision 2011/833/EU (source acknowledged)	https://eur-lex.europa.eu/legal-content/EN/TXT/?uri=CELEX:32011D0833	136
brussels-spanish	OHCHR (official UN translation)	UN, free reproduction with attribution	https://www.un.org/en/about-us/copyright	2
brussels-swedish	MultiEURLEX (coastalcph) / EUR-Lex	EUR-Lex reuse, Decision 2011/833/EU (source acknowledged)	https://eur-lex.europa.eu/legal-content/EN/TXT/?uri=CELEX:32011D0833	136
brussels-swedish	OHCHR (official UN translation)	UN, free reproduction with attribution	https://www.un.org/en/about-us/copyright	2
brussels-swedish	Sveriges riksdag	Sveriges riksdag open data; Swedish statutory text is not subject to copyright, 9 § URL	https://www.riksdagen.se/sv/dokument-och-lagar/dokument/svensk-forfattningssamling/kungorelse-1974152-om-beslutad-ny-regeringsform_sfs-1974-152/	12
commonwealth-english	OHCHR (official UN translation)	UN, free reproduction with attribution	https://www.un.org/en/about-us/copyright	2
commonwealth-english	legislation.gov.uk	Open Government Licence v3.0	https://www.nationalarchives.gov.uk/doc/open-government-licence/version/3/	85
commonwealth-english	legislation.gov.uk (salvaged e05 pool)	Open Government Licence v3.0	https://www.nationalarchives.gov.uk/doc/open-government-licence/version/3/	63
washington-english	Federal Register (govinfo issue text)	US public domain	https://uscode.house.gov/view.xhtml?req=granuleid:USC-prelim-title17-section105	130
washington-english	OHCHR (official UN translation)	UN, free reproduction with attribution	https://www.un.org/en/about-us/copyright	2
washington-english	US National Archives	US public domain	https://uscode.house.gov/view.xhtml?req=granuleid:USC-prelim-title17-section105	12
washington-english	govinfo PLAW	US public domain	https://uscode.house.gov/view.xhtml?req=granuleid:USC-prelim-title17-section105	6
